grid,velocity,spread_rate,lambda,T,density,X_H2,X_H,X_O,X_O2,X_OH,X_H2O,X_HO2,X_H2O2,X_C,X_CH,X_CH2,X_CH2(S),X_CH3,X_CH4,X_CO,X_CO2,X_HCO,X_CH2O,X_CH2OH,X_CH3O,X_CH3OH,X_C2H,X_C2H2,X_C2H3,X_C2H4,X_C2H5,X_C2H6,X_HCCO,X_CH2CO,X_HCCOH,X_N,X_NH,X_NH2,X_NH3,X_NNH,X_NO,X_NO2,X_N2O,X_HNO,X_CN,X_HCN,X_H2CN,X_HCNN,X_HCNO,X_HOCN,X_HNCO,X_NCO,X_N2,X_AR,X_C3H7,X_C3H8,X_CH2CHO,X_CH3CHO
0.0,173.00000000000003,6.626747263429157e-19,-43843211.90411329,293.15,0.893348972377875,0.274310595065312,7.502559205450115e-17,8.474367008469445e-17,0.15239477503628437,6.738588156165954e-23,0.0,5.5580793948811485e-21,0.0,0.0,1.6982447006176362e-22,7.825776047366894e-19,1.1231394074277818e-22,2.2986278940715613e-17,4.572779083191975e-18,1.0685141872406543e-21,9.363905791502675e-23,7.947904588537252e-23,2.3314262340198607e-17,7.697252620431464e-23,8.50118301114485e-18,1.0584158977723469e-17,1.9016630641702566e-17,6.78447569347629e-19,8.167232448989424e-23,0.0,8.947807252453753e-19,4.5133566048411395e-18,1.261434409705916e-22,3.0316268526170325e-17,0.0,1.7965938098836116e-18,0.0,0.0,5.964614890918742e-19,1.0154816103147582e-22,9.432616288970486e-18,0.0,1.0668365449770375e-22,0.0,0.0,7.952645110726604e-19,4.032263556951618e-21,1.2613964996627793e-22,1.0014398291019314e-22,7.904787947179563e-23,0.0,0.0,0.5732946298984034,9.996698643694049e-23,0.0,0.0,6.674999261020535e-23,1.054168223147216e-18
0.0025000000000000005,171.226973875972,709.2104496113418,-43843211.90411329,293.1500000000006,0.8933489723778731,0.274310595065312,9.037650221943367e-19,5.935071542094176e-17,0.1523947750362843,0.0,0.0,9.450190376319593e-17,0.0,0.0,2.07885174321621e-25,8.341381418140843e-21,7.828281629826179e-26,2.2988956674574832e-17,4.574035952548143e-18,1.6824389246396478e-17,3.417711224316862e-19,2.98737048844546e-20,2.419086709627204e-17,2.5903404538943842e-24,7.689075156464296e-18,1.0665173821215476e-17,5.540076752225084e-21,9.636938923863083e-19,2.3188966132435343e-24,0.0,8.139061924473968e-19,4.514160845456652e-18,2.1803995305121615e-23,3.031700518996792e-17,0.0,1.791919796771114e-18,0.0,0.0,5.9358922257197165e-19,2.300682888699819e-25,7.549272333475875e-18,0.0,9.619286218853655e-22,0.0,0.0,7.916738343335482e-19,4.863590446438428e-21,1.4675189860006813e-24,9.58979868571006e-22,9.378837651421543e-22,0.0,0.0,0.5732946298984034,1.190981644144552e-21,0.0,0.0,2.333296256714851e-22,1.0548981955315784e-18
0.005000000000000001,165.90789550388757,1418.4208992224262,-43843211.90411329,293.15000000000055,0.8933489723778733,0.274310595065312,2.0169916952637604e-21,5.927478077060243e-17,0.1523947750362843,0.0,0.0,9.543575283510895e-17,0.0,0.0,0.0,2.923377313198361e-23,0.0,2.297855418151964e-17,4.569290449322755e-18,1.680444070018393e-17,3.3956916139744576e-19,1.8294588837912037e-23,2.4862515861841308e-17,0.0,6.929568491739657e-18,1.073641699908973e-17,5.369496159746298e-25,9.60100775183119e-19,0.0,0.0,7.345923756470204e-19,4.510960636345361e-18,0.0,3.03140737461406e-17,0.0,1.7793074180728295e-18,0.0,0.0,5.846372113347147e-19,0.0,6.262083109737707e-18,0.0,0.0,0.0,0.0,7.883288147151103e-19,1.5553042606052034e-21,0.0,0.0,0.0,0.0,0.0,0.5732946298984034,0.0,0.0,0.0,0.0,1.0519932788721417e-18
0.006250000000000001,161.9185867248247,1773.0261240278687,-43843211.90411329,293.15000000000055,0.8933489723778733,0.274310595065312,0.0,5.928200556247308e-17,0.1523947750362843,0.0,0.0,9.5489937025696e-17,0.0,4.776521532499087e-24,1.109498010925993e-24,8.553058646617485e-23,4.173173674863707e-25,2.2986535616576577e-17,4.5730306332528765e-18,1.684420810675894e-17,3.4407484006355546e-19,5.205471793303306e-23,2.520180092024017e-17,1.3744879216863533e-23,6.56515821792863e-18,1.0775191928670448e-17,1.5509995228005113e-24,9.629453343122423e-19,1.2316124765238881e-23,0.0,6.999452162741461e-19,4.5134372173270824e-18,1.1285217790003202e-22,3.031634225772845e-17,0.0,1.780843820477015e-18,0.0,0.0,5.861672825481191e-19,1.2273335070294125e-24,5.74776165073234e-18,0.0,1.922630199180585e-22,0.0,5.372961346711522e-24,7.909145486989945e-19,4.115451477390483e-21,7.818743348754675e-24,1.8608206947171212e-22,1.6498596604295353e-22,0.0,0.0,0.5732946298984034,2.0908786140285947e-22,0.0,0.0,7.925645610749032e-22,1.0542412840938092e-18
0.0075000000000000015,157.0427648837484,2127.6313488331866,-43843211.90411329,293.15000000000055,0.8933489723778733,0.274310595065312,0.0,5.924023389700598e-17,0.1523947750362843,0.0,0.0,9.540868852793331e-17,0.0,0.0,0.0,0.0,0.0,2.297818228564837e-17,4.569198336177557e-18,1.6802991968655962e-17,3.394395540118194e-19,0.0,2.551537756742114e-17,0.0,6.2048123006846175e-18,1.0807783970910168e-17,0.0,9.599881790835958e-19,0.0,0.0,6.611755318313243e-19,4.51086262381505e-18,0.0,3.031398392770651e-17,0.0,1.772476158621548e-18,0.0,0.0,5.801286532141222e-19,0.0,5.324234909324531e-18,0.0,0.0,0.0,0.0,7.882264258282392e-19,1.4539295685453786e-21,0.0,0.0,0.0,0.0,0.0,0.5732946298984034,0.0,0.0,0.0,0.0,1.0519042666112228e-18
0.00875,151.28042998065897,2482.236573638352,-43843211.90411329,293.15000000000055,0.8933489723778733,0.274310595065312,0.0,5.924514583955502e-17,0.1523947750362843,0.0,0.0,9.544143340107642e-17,0.0,4.2508591501810545e-24,9.866482650695141e-25,7.407778517755095e-23,3.7111991814626777e-25,2.2985774573972967e-17,4.572760966582614e-18,1.6840640093823938e-17,3.4368177037915327e-19,4.6042196265169646e-23,2.5839284146928742e-17,1.2202595653424534e-23,5.856848606338842e-18,1.0844800008597714e-17,1.378335164256879e-24,9.62695354154201e-19,1.0937077747516645e-23,0.0,6.278886448938263e-19,4.5132196701525014e-18,9.95335479566084e-23,3.031614296497331e-17,0.0,1.7735635944735726e-18,0.0,0.0,5.813328280271343e-19,1.0913770580303624e-24,4.989761362495043e-18,0.0,0.0,0.0,4.780109603617504e-24,7.906873435340242e-19,3.890497355373783e-21,6.949516502657131e-24,0.0,0.0,0.0,0.0,0.5732946298984034,0.0,0.0,0.0,6.984494826001716e-22,1.0540437957602998e-18
0.010000000000000002,144.63158201555683,2836.8417984433363,-43843211.90411329,293.15000000000055,0.8933489723778733,0.274310595065312,0.0,5.917381595125009e-17,0.1523947750362843,0.0,0.0,9.531625119808605e-17,0.0,0.0,0.0,0.0,0.0,2.2967969110119856e-17,4.56454998189914e-18,1.6750945022288942e-17,3.3373262525163985e-19,0.0,2.6130754652260953e-17,0.0,5.5064475306855014e-18,1.0873066336358817e-17,0.0,9.563818098767314e-19,0.0,0.0,5.874497732861258e-19,4.507722973218234e-18,0.0,3.031110797070202e-17,0.0,1.7592550570758595e-18,0.0,0.0,5.707638649649825e-19,0.0,4.707524640657033e-18,0.0,0.0,0.0,0.0,7.849482932205014e-19,0.0,0.0,0.0,0.0,0.0,0.0,0.5732946298984034,0.0,0.0,0.0,0.0,1.049054332394819e-18
0.011250000000000001,137.09622098844252,3191.447023248104,-43843211.90411329,293.15000000000055,0.8933489723778733,0.274310595065312,0.0,5.920730918719619e-17,0.1523947750362843,0.0,0.0,9.546667109605915e-17,0.0,9.028037170997288e-24,2.0950512217379797e-24,1.5806500191945172e-22,7.880199403098174e-25,2.2985799941024937e-17,4.572864051958495e-18,1.6839486987325457e-17,3.4369427239846175e-19,9.809289497295301e-23,2.6457358242532744e-17,2.594477091000264e-23,5.170848485294188e-18,1.0912487815432737e-17,2.9270295495018578e-24,9.627263270837484e-19,2.3249213884982628e-23,0.0,5.580421058047427e-19,4.513246695653493e-18,2.127276902634777e-22,3.031616760830639e-17,0.0,1.766153974227517e-18,0.0,0.0,5.764366437190011e-19,2.317531042869871e-24,4.498436160031005e-18,0.0,0.0,0.0,1.0153666110031809e-23,7.907155303785239e-19,3.918404071521535e-21,1.4762395554412976e-23,0.0,0.0,0.0,0.0,0.5732946298984034,0.0,0.0,0.0,1.5170651727783673e-21,1.0540682328461365e-18
0.0125,128.67434689931665,3546.052248052617,-43843211.90411329,293.15000000000055,0.8933489723778733,0.274310595065312,0.0,5.919292289380352e-17,0.1523947750362843,0.0,0.0,9.555502258800698e-17,0.0,1.0253651180090712e-24,2.365241731062731e-25,2.0672094779478937e-23,8.890566783723638e-26,2.2987911367404488e-17,4.573892236555999e-18,1.6852807705292877e-17,3.449678202360584e-19,1.4862915171200875e-23,2.6766625250720903e-17,3.0485189563849575e-24,4.831654830454019e-18,1.0946699974160421e-17,3.313948388173572e-25,9.634881958229866e-19,2.714444937687066e-24,0.0,5.237376857894377e-19,4.513909891734819e-18,2.917516993691412e-23,3.03167751334649e-17,0.0,1.763359353679469e-18,0.0,0.0,5.747302382404165e-19,2.6198381251838707e-25,4.3275001740626744e-18,0.0,6.948222381417292e-22,0.0,1.1588290886805977e-24,7.914079400116842e-19,4.603952060432948e-21,1.6868728181465975e-24,6.907516810242347e-22,6.696555775952897e-22,0.0,0.0,0.5732946298984034,8.502125003564448e-22,0.0,0.0,6.684293662570099e-22,1.0546702230804717e-18
0.013125000000000001,124.13096745649949,3723.3548604548005,-43843211.90411329,293.15000000000055,0.8933489723778733,0.274310595065312,0.0,5.917459244564903e-17,0.1523947750362843,0.0,0.0,9.558413771757738e-17,0.0,0.0,0.0,0.0,0.0,2.2985357314724494e-17,4.5727338269186195e-18,1.684080172733062e-17,3.43560343315865e-19,0.0,2.691727314960716e-17,0.0,4.6608910278278906e-18,1.0962644183709598e-17,0.0,9.625876833160327e-19,0.0,0.0,5.054540670250413e-19,4.513125972591071e-18,0.0,3.031605713231408e-17,0.0,1.7597219293709643e-18,0.0,0.0,5.721707922524857e-19,0.0,4.2504916409005025e-18,0.0,0.0,0.0,0.0,7.905894076384943e-19,3.793527627939648e-21,0.0,0.0,0.0,0.0,0.0,0.5732946298984034,0.0,0.0,0.0,0.0,1.053958714870426e-18
0.01375,119.36595974817969,3900.6574728569044,-43843211.90411329,293.15000000000055,0.8933489723778733,0.274310595065312,0.0,5.912299893704078e-17,0.1523947750362843,0.0,0.0,9.554589494198374e-17,0.0,0.0,0.0,0.0,0.0,2.2971754488252688e-17,4.5664539367733066e-18,1.6772464142296103e-17,3.3595043300424387e-19,0.0,2.7056022626446835e-17,0.0,4.486367792774787e-18,1.097504748166473e-17,0.0,9.577622509081177e-19,0.0,0.0,4.838072356809052e-19,4.508924732308066e-18,0.0,3.031220870924336e-17,0.0,1.749374334949723e-18,0.0,0.0,5.6447975626204e-19,0.0,4.176577492060384e-18,0.0,0.0,0.0,0.0,7.862029800832835e-19,0.0,0.0,0.0,0.0,0.0,0.0,0.5732946298984034,0.0,0.0,0.0,0.0,1.0501450892415022e-18
0.014374999999999999,114.37932377435733,4077.9600852589215,-43843211.90411329,293.15000000000055,0.8933489723778733,0.274310595065312,0.0,5.914304257446308e-17,0.1523947750362843,0.0,0.0,9.568060605976364e-17,0.0,9.036101539722439e-24,2.09936969363482e-24,1.5355377536987505e-22,7.897459693192271e-25,2.2982461393479143e-17,4.571446833328556e-18,1.6823318657098488e-17,3.4185843432257695e-19,9.26473214340909e-23,2.7220864073990563e-17,2.5793111623038375e-23,4.31895711931294e-18,1.0995355779430247e-17,2.9314404915320592e-24,9.615724707004606e-19,2.3143062379170452e-23,0.0,4.695153178383035e-19,4.5122421356498466e-18,2.0434833109647884e-22,3.031524738032873e-17,0.0,1.7535384509103095e-18,0.0,0.0,5.678918134131019e-19,2.321717435759797e-24,4.122914651718945e-18,0.0,0.0,0.0,1.0153075271133898e-23,7.896666069918802e-19,2.8798651282954247e-21,1.475799853194826e-23,0.0,0.0,0.0,0.0,0.5732946298984034,0.0,0.0,0.0,7.8932327975073635e-22,1.0531563380290546e-18
0.015,109.17105953503247,4255.262697660844,-43843211.90411329,293.15000000000055,0.8933489723778733,0.274310595065312,0.0,5.913668218755183e-17,0.1523947750362843,0.0,0.0,9.577645085916273e-17,0.0,1.5990304844846074e-24,3.6883392105675e-25,3.2105137345272397e-23,1.3863784625075837e-25,2.2984414981483317e-17,4.5723814131732404e-18,1.683457342450541e-17,3.4302762537423185e-19,2.0303253013118862e-23,2.737824922141283e-17,4.753816141386889e-24,4.1476484928284e-18,1.1012949317134079e-17,5.1678912377987365e-25,9.622731588475051e-19,4.2331054064742894e-24,0.0,4.523298023981777e-19,4.5128520839944514e-18,4.51485972362486e-23,3.031580611608309e-17,0.0,1.752332910940553e-18,0.0,0.0,5.672133183969062e-19,4.0854213356599603e-25,4.073347294505359e-18,0.0,0.0,0.0,1.8072177856853968e-24,7.903034446737212e-19,3.510389700209447e-21,2.630730146780097e-24,0.0,0.0,0.0,0.0,0.5732946298984034,0.0,0.0,0.0,6.307826519386357e-22,1.0537099824994694e-18
0.01625,98.08964625987605,4609.867922464271,-43843211.90411329,293.15000000000055,0.8933489723778733,0.274310595065312,0.0,5.911432188257283e-17,0.1523947750362843,0.0,0.0,9.600410849732788e-17,0.0,6.088740344081623e-25,1.4100576834092508e-25,1.1267111073185196e-23,5.302505761589979e-26,2.2986051832019226e-17,4.573205538947552e-18,1.6844146686568714e-17,3.43987618773829e-19,8.040409622121747e-24,2.7696230786011678e-17,1.7710456587390446e-24,3.7977339616117555e-18,1.1048054669507202e-17,1.9719305599490019e-25,9.628702247160506e-19,1.5833581720863367e-24,0.0,4.1638043540938087e-19,4.513371856880697e-18,1.549879992276438e-23,3.031628219417393e-17,0.0,1.7480344062721406e-18,0.0,0.0,5.644640547150627e-19,1.5604894442634133e-25,3.997935692122407e-18,0.0,1.2256908651598504e-22,0.0,6.8594149033194585e-25,7.90846120591024e-19,4.047689104126505e-21,9.977115661745958e-25,1.1609750599080294e-22,9.500140256217363e-23,0.0,0.0,0.5732946298984034,1.2034251837908881e-22,0.0,0.0,2.9866247553010847e-22,1.054181742243349e-18
0.0175,86.12171992271172,4964.473147267191,-43843211.90411329,293.15000000000055,0.8933489723778733,0.274310595065312,0.0,5.9100512516206e-17,0.1523947750362843,0.0,0.0,9.632167319078868e-17,0.0,1.8613697564996752e-24,4.315023221640048e-25,3.3461200474590057e-23,1.622840797715288e-25,2.299184819468926e-17,4.575967221034141e-18,1.6874861224675032e-17,3.472865044127566e-19,2.1931976088234633e-23,2.802857390196656e-17,5.381429118468725e-24,3.4382545877261555e-18,1.1085578802045264e-17,6.031558571172306e-25,9.649476475460776e-19,4.816814141753305e-24,0.0,3.8026507071313207e-19,4.515180650730008e-18,4.54768238494506e-23,3.031793915066267e-17,0.0,1.7455095864232864e-18,0.0,0.0,5.631478282282933e-19,4.774327467140175e-25,3.945920333624343e-18,0.0,2.0460850900019562e-21,0.0,2.0952210039737767e-24,7.927345680810769e-19,5.917456040987745e-21,3.0468851582263012e-24,2.0476830175186674e-21,2.026586914089792e-21,0.0,0.0,0.5732946298984034,2.5735586779533766e-21,0.0,0.0,5.456178535209009e-22,1.0558237110219127e-18
0.018750000000000003,73.26728052354085,5319.0783720694935,-43843211.90411329,293.15000000000055,0.8933489723778733,0.274310595065312,0.0,5.897652872649127e-17,0.1523947750362843,0.0,0.0,9.643912921538242e-17,0.0,0.0,0.0,0.0,0.0,2.296243125036662e-17,4.562416610639363e-18,1.6723015369567686e-17,3.307550100009962e-19,0.0,2.8335877831669306e-17,0.0,3.0516841447621443e-18,1.1113311484654024e-17,0.0,9.545193268749706e-19,0.0,0.0,3.3216200583331277e-19,4.5061013289381684e-18,0.0,3.0309622167705785e-17,0.0,1.7208715449273236e-18,0.0,0.0,5.449447878966412e-19,0.0,3.887708216311241e-18,0.0,0.0,0.0,0.0,7.8325507101969545e-19,0.0,0.0,0.0,0.0,0.0,0.0,0.5732946298984034,0.0,0.0,0.0,0.0,1.0475819715697685e-18
0.019375000000000003,66.50761842570337,5496.380984470454,-43843211.90411329,293.15000000000055,0.8933489723778733,0.274310595065312,9.408081645853782e-22,5.900420667025072e-17,0.1523947750362843,0.0,0.0,9.673268791429104e-17,0.0,7.913066416170309e-24,1.8361877025889273e-24,1.3874897701161984e-22,6.906475481335834e-25,2.2978531131712383e-17,4.569929507830067e-18,1.6802777631379735e-17,3.397588389415418e-19,8.553555154075977e-23,2.85284228910558e-17,2.2749163153165112e-23,2.8621532483054156e-18,1.1137715428489934e-17,2.565450614567409e-24,9.602499617948365e-19,2.0384186497811822e-23,0.0,3.1673104018776857e-19,4.5110908806767e-18,1.868182777196007e-22,3.0314192651743617e-17,0.0,1.7267011739917553e-18,0.0,0.0,5.497602202943744e-19,2.03120959245899e-24,3.879381320477616e-18,0.0,0.0,0.0,8.900169716190502e-24,7.88464522876529e-19,1.6896686838036055e-21,1.294011085242128e-23,0.0,0.0,0.0,0.0,0.5732946298984034,0.0,0.0,0.0,1.263201580581879e-21,1.0521111483876302e-18
0.020000000000000004,59.52632806236484,5673.683596871196,-43843211.90411329,293.15000000000055,0.8933489723778733,0.274310595065312,1.5715397660712556e-22,5.89821816568387e-17,0.1523947750362843,0.0,0.0,9.69473854436645e-17,0.0,8.344493312435802e-26,1.83326610617528e-26,3.4365241634147205e-24,6.85266901679366e-27,2.2978667659939095e-17,4.570046181110045e-18,1.680566490935455e-17,3.399165157656343e-19,3.4799946410511846e-24,2.871138172321474e-17,3.1365979342299454e-25,2.6599616237115176e-18,1.1157718076364092e-17,2.6296601340341397e-26,9.60311696210328e-19,2.6848721152950174e-25,0.0,2.954614809945711e-19,4.5111446280426795e-18,5.610757120240523e-24,3.031424197676144e-17,0.0,1.722494843620271e-18,0.0,0.0,5.469461462694879e-19,2.0528058455517935e-26,3.8680827267758315e-18,0.0,0.0,0.0,9.792364100981722e-26,7.885205917565421e-19,1.7451820120000448e-21,1.4386189281401372e-25,0.0,0.0,0.0,0.0,0.5732946298984034,0.0,0.0,0.0,3.5580313448796107e-22,1.0521599984227546e-18
0.020625000000000004,52.323409433525526,5850.986209271688,-43843211.90411329,293.15000000000055,0.8933489723778733,0.274310595065312,0.0,5.893868762795904e-17,0.1523947750362843,0.0,0.0,9.714056130907984e-17,0.0,0.0,0.0,0.0,0.0,2.2972641631324998e-17,4.567313662380222e-18,1.6775249633914805e-17,3.3654956890820913e-19,0.0,2.8895638109481986e-17,0.0,2.446396463985712e-18,1.1176661740716563e-17,0.0,9.58185393949663e-19,0.0,0.0,2.7131857466601543e-19,4.509293200001801e-18,0.0,3.0312545888879246e-17,0.0,1.7140221098435173e-18,0.0,0.0,5.409062730862723e-19,0.0,3.856501194166287e-18,0.0,0.0,0.0,0.0,7.865876118890219e-19,0.0,0.0,0.0,0.0,0.0,0.0,0.5732946298984034,0.0,0.0,0.0,0.0,1.0504792427589221e-18
0.021250000000000005,44.89886253918579,6028.288821671886,-43843211.90411329,293.15000000000055,0.8933489723778733,0.274310595065312,9.577442027106086e-22,5.893320189125644e-17,0.1523947750362843,0.0,0.0,9.746731537809767e-17,0.0,2.7260884330657063e-24,6.322792294801828e-25,4.837679101775796e-23,2.3780765041270146e-25,2.298082903421163e-17,4.571180969771111e-18,1.6817113339756455e-17,3.411681911883099e-19,3.0652948223116266e-23,2.910674443731688e-17,7.858466686866194e-24,2.2247955816711907e-18,1.1201431862395021e-17,8.835918282469896e-25,9.611101968407895e-19,7.037874493878152e-24,0.0,2.4996660744511138e-19,4.511839440649133e-18,6.542995511394647e-23,3.031487813302645e-17,0.0,1.713292267056966e-18,0.0,0.0,5.40861692639022e-19,6.995045375480807e-25,3.856650590521575e-18,0.0,0.0,0.0,3.0673185982955114e-24,7.892461472018626e-19,2.463525567068406e-21,4.460056196480818e-24,0.0,0.0,0.0,0.0,0.5732946298984034,0.0,0.0,0.0,5.972367630827334e-22,1.052790381273224e-18
0.021875000000000006,37.25268737934602,6205.591434071731,-43843211.90411329,293.15000000000055,0.8933489723778733,0.274310595065312,1.3182009059620292e-21,5.89338234924261e-17,0.1523947750362843,3.104089150976239e-20,0.0,9.787516942845118e-17,0.0,3.480812257118024e-24,8.067748923346631e-25,6.285529053763949e-23,3.034149012764904e-25,2.2993210817300268e-17,4.577007390915325e-18,1.688280587677637e-17,3.482322294099616e-19,4.116530290471913e-23,2.9338562640739626e-17,1.0074315356397503e-23,1.987395422721811e-18,1.1229271441939568e-17,1.1278159688345925e-24,9.65547315206275e-19,9.015475021364534e-24,0.0,2.276180911960946e-19,4.5157077711664765e-18,8.555657903898692e-23,3.03184248705456e-17,0.0,1.7138850475720938e-18,0.0,0.0,5.419814168798858e-19,8.92688234622986e-25,3.8650834711533026e-18,0.0,2.603945462101661e-21,0.0,3.9187322332599576e-24,7.932830803371123e-19,6.460895549730598e-21,5.6988340109360966e-24,2.6077017631223743e-21,2.586605659692504e-21,0.0,0.0,0.5732946298984034,3.2698771713237713e-21,0.0,0.0,1.0381585761304674e-21,1.0563053171681003e-18
0.022187500000000006,33.34648919986375,6294.242740271545,-43843211.90411329,293.15000000000055,0.8933489723778733,0.274310595065312,0.0,5.872493662372433e-17,0.1523947750362843,0.0,0.0,9.758755827544419e-17,0.0,0.0,0.0,0.0,0.0,2.292955649233819e-17,4.5475434521280424e-18,1.655847724405874e-17,3.124637884870273e-19,0.0,2.938181011300927e-17,0.0,1.8416831096065215e-18,1.122108640677232e-17,0.0,9.429207286834005e-19,0.0,0.0,1.951818382444039e-19,4.496000077231021e-18,0.0,3.030036721944777e-17,0.0,1.6719711837386025e-18,0.0,0.0,5.101718723872514e-19,0.0,3.828977005531478e-18,0.0,0.0,0.0,0.0,7.727096002717947e-19,0.0,0.0,0.0,0.0,0.0,0.0,0.5732946298984034,0.0,0.0,0.0,0.0,1.0384105208780627e-18
0.022500000000000003,29.384883954006668,6382.894046471235,-43843211.90411329,293.15000000000055,0.8933489723778733,0.274310595065312,5.9111287809997496e-21,5.892287551544009e-17,0.1523947750362843,7.729229178551716e-20,0.0,9.829012682453702e-17,0.0,3.4797651034908305e-23,8.073305241855366e-24,6.128876318559733e-22,3.036575843416095e-24,2.3005686731753922e-17,4.582898654428487e-18,1.6940512393434057e-17,3.5568827080973653e-19,3.8292782523237976e-22,2.9584581128594503e-17,1.0014611623654509e-22,1.733404756713222e-18,1.1259168264842446e-17,1.1280720956012239e-23,9.70336045086781e-19,8.971650126889316e-23,0.0,2.0445360927668317e-19,4.519974451229548e-18,8.265226500717892e-22,3.032239281082346e-17,0.0,1.7127133051058175e-18,1.079601509096365e-20,0.0,5.422612618245425e-19,8.931144153200496e-24,3.8693470362596326e-18,0.0,7.089337704698275e-21,0.0,3.9144532676420894e-23,7.977033195697447e-19,1.0844595252717777e-20,5.691415963070665e-23,7.108244886266388e-21,7.087148782837634e-21,0.0,0.0,0.5732946298984034,8.685589906603245e-21,0.0,0.0,6.488318109426325e-21,1.0602430586010144e-18
0.0228125,25.367871641774816,6471.545352670782,-43843211.90411329,293.15000000000043,0.8933489723778737,0.274310595065312,0.0,5.491206321826593e-17,0.15239477503628432,0.0,0.0,8.847524990204117e-17,0.0,0.0,0.0,0.0,0.0,2.1656810878209083e-17,3.9575808838322326e-18,9.985812166852009e-18,0.0,0.0,2.81859059839777e-17,0.0,1.1866854379991815e-18,1.083344543711731e-17,0.0,4.894506117297385e-19,0.0,0.0,0.0,4.100782408856162e-18,0.0,2.993808626026801e-17,0.0,9.02894122680592e-19,0.0,0.0,0.0,0.0,3.0153527456199058e-18,0.0,0.0,0.0,0.0,3.6021860747010387e-19,0.0,0.0,0.0,0.0,0.0,0.0,0.5732946298984034,0.0,0.0,0.0,0.0,6.793835331945114e-19
0.023125,21.29545226316827,6560.196658870165,-43843211.90411329,293.1500000000009,0.8933489723778735,0.2743105950653109,2.527869203348995e-19,6.929012504743696e-17,0.1523947750362845,5.047337767350899e-18,0.0,1.245756533853281e-16,0.0,1.549852130594506e-21,3.5938180679038645e-22,2.7671869839896424e-20,1.3516425861381139e-22,2.65292176465991e-17,6.21620603883562e-18,3.50556611609912e-17,2.3425004220768415e-18,1.7703867603737844e-20,3.38069789036254e-17,4.474004964766735e-21,2.5102841237104003e-18,1.2433526861336406e-17,5.02283604674846e-22,2.2248608152112005e-18,4.0057527601445936e-21,0.0,1.2024422202501687e-18,5.61283791013652e-18,3.751060469838983e-20,3.132435088375237e-17,0.0,3.807524122249549e-18,1.8533412444365445e-18,0.0,2.154409572858832e-18,3.9761322602595267e-22,6.0448764919131496e-18,0.0,1.1691527586896336e-18,0.0,1.744196931878307e-21,1.93872947583084e-18,1.1406491393390881e-18,2.536279103987609e-21,1.1740138110615554e-18,1.173992714958183e-18,1.0637636856346398e-18,0.0,0.5732946298984044,1.488022932869472e-18,9.280486224711142e-20,6.072144542480021e-19,3.7693076073940296e-19,2.0531914832947486e-18
0.0234375,17.16762581818479,6648.8479650692525,-43843211.90411329,293.15000000000015,0.8933489723779853,0.2743105950652129,0.0,3.943988409600418e-17,0.15239477503630552,0.0,0.0,5.0047711352152015e-17,0.0,0.0,0.0,0.0,0.0,1.666638361168432e-17,1.5343495410678273e-18,0.0,0.0,0.0,2.254255476735936e-17,0.0,0.0,9.158212633382383e-18,0.0,0.0,0.0,0.0,0.0,2.3556873949756078e-18,0.0,2.844637864695869e-17,0.0,0.0,0.0,0.0,0.0,0.0,0.0,0.0,0.0,0.0,0.0,0.0,0.0,0.0,0.0,0.0,0.0,0.0,0.5732946298984817,0.0,0.0,0.0,0.0,0.0
0.02359375,15.082934945751042,6693.173618166919,-43843211.90411329,293.15000000001095,0.8933489723809263,0.2743105950625481,4.874875047003478e-19,6.158533308280427e-17,0.15239477503687288,2.9733566510998033e-18,0.0,1.0061704985588252e-16,0.0,3.362972028151183e-21,7.801944978062126e-22,5.930390124046456e-20,2.9344930567997576e-22,2.4032156998673914e-17,4.949608428308114e-18,1.9970033489465782e-17,7.876331262200513e-19,3.70406114474973e-20,3.057708175704891e-17,9.681141993646617e-21,1.5974101654299477e-18,1.1559595626382767e-17,1.0901796196349223e-21,1.2569539488744336e-18,8.67246199283589e-21,0.0,5.345480348297434e-19,4.6529038328236745e-18,8.001151604639863e-20,3.055365203388085e-17,0.0,2.1647191833660383e-18,1.430495804636945e-18,0.0,8.859414079874402e-19,8.631037222475334e-22,3.3454134464225852e-18,0.0,2.7342801955163113e-19,0.0,3.783214618895998e-21,1.0594773652065543e-18,2.701591709788471e-19,5.500665660326479e-21,2.7449944267935106e-19,2.744783464781596e-19,1.5543346419310267e-19,0.0,0.5732946299005789,3.4298519848052355e-19,0.0,0.0,6.308258872556854e-19,1.2895231017805083e-18
0.02375,12.984392305310145,6737.4992711994455,-43843211.90411329,293.15000000061724,0.8933489724749503,0.27431059497664445,0.0,6.604476340684452e-17,0.15239477505516624,0.0,3.305247295611804e-16,7.986828884187148e-17,0.0,0.0,0.0,0.0,0.0,1.4310791916201325e-17,4.41173090324201e-19,0.0,0.0,0.0,1.9897571603505683e-17,0.0,0.0,8.396857537739274e-18,0.0,0.0,0.0,0.0,0.0,1.6240630045829297e-18,0.0,2.777672469838189e-17,0.0,0.0,0.0,0.0,0.0,0.0,0.0,0.0,0.0,0.0,0.0,0.0,0.0,0.0,0.0,0.0,0.0,0.0,0.5732946299681889,0.0,0.0,0.0,0.0,0.0
0.02390625,10.87199786563422,6781.824922307067,-43843211.90411329,293.1500000319061,0.893348975053578,0.2743105925806741,4.163147005117599e-18,1.85545915389137e-15,0.15239477556538036,5.729173074198954e-16,2.7415006248297824e-14,3.8704591983880214e-15,1.9300787685171975e-16,2.0291776552860713e-21,4.708485090986251e-22,3.562067327352145e-20,1.7710100426840902e-22,2.0720991145794166e-17,3.325353312954578e-18,1.7691050999190223e-18,0.0,2.216710373621046e-20,2.6582646316765683e-17,5.8355662733609056e-21,5.192850270243798e-19,1.0414648695297176e-17,6.578709525129956e-22,3.401835709673902e-21,5.228554377479558e-21,0.0,0.0,3.4625257023643203e-18,4.7976465103106896e-20,2.954994159473787e-17,0.0,8.812404206184955e-20,3.530950342487831e-19,0.0,0.0,5.20865131447964e-22,4.504639958796296e-19,0.0,0.0,0.0,2.2824277403188775e-21,0.0,0.0,3.318424245762078e-21,0.0,0.0,0.0,0.0,0.5732946318539115,0.0,0.0,0.0,3.566147143872365e-19,2.9474515175760014e-19
0.023984375000000002,9.81060599303261,6803.98773439727,-43843211.90411329,293.150000543962,0.8933489974081499,0.2743105711518716,1.0591776782722239e-16,3.1937810082082426e-14,0.15239478012838162,1.533350489896022e-14,6.694731555053293e-13,9.332933944032896e-14,5.568015812301588e-15,1.8423545056815854e-22,4.2364618380150605e-23,3.9590290770548526e-21,1.5918288275388088e-23,2.1231879863965524e-17,3.56049143996894e-18,4.843055920871218e-18,0.0,2.967327712274423e-21,2.7244271712287856e-17,5.564360910564413e-22,6.252151073649298e-19,1.056477704680632e-17,5.943678982629282e-23,1.6817482467742378e-19,4.940435100600725e-22,0.0,0.0,3.600127154826551e-18,5.699704229156212e-21,2.967403017895576e-17,0.0,4.2895412241495674e-19,5.4676023462527025e-19,0.0,0.0,4.696024900996418e-23,1.053133073474116e-18,0.0,0.0,0.0,2.0867617826372267e-22,6.469152523100699e-20,0.0,3.0399692519607964e-22,0.0,0.0,0.0,0.0,0.5732946487189311,0.0,0.0,0.0,1.5943456329634292e-19,4.174213102044027e-19
0.024140625,7.677427354123795,6848.312677543274,-43843211.90411329,293.1500308923828,0.8933496816058843,0.2743098751990352,8.069324585442982e-15,1.881449995463822e-12,0.15239492830588822,1.2057345555996912e-12,5.596415493199942e-11,8.06949181740598e-12,5.145062709772216e-13,4.539624672501694e-21,1.052445519414205e-21,8.149868982741566e-20,3.9581527095325e-22,3.9321785516580106e-17,1.181727740853674e-17,9.858698628992009e-17,9.440448555993011e-18,5.300010597151739e-20,4.8620452636754634e-17,1.3122132166716134e-20,5.805677390396848e-18,1.6579599350831312e-17,1.4710833422739677e-21,6.674431452727093e-18,1.1745959559493369e-20,1.7301861166647633e-18,4.916594936505256e-18,9.176214899785873e-18,1.106839301827996e-19,3.494725000772804e-17,8.393314048848616e-19,1.134737972969207e-17,7.773123214638267e-18,7.062580944801857e-18,7.688023428637069e-18,1.16500484350444e-21,3.194464805022784e-17,2.991242557388064e-18,5.3190109669547715e-18,0.0,5.1098881324764016e-21,6.016505475990291e-18,5.181591719083215e-18,7.430502162525135e-21,5.3346480673248515e-18,5.334665483617056e-18,5.209953710765377e-18,7.751219604865697e-18,0.5732951964274329,6.626258008684296e-18,3.213794055270392e-18,3.7160108350467066e-18,1.2616227940105146e-18,5.646184905729108e-18
0.024257812500000003,6.068406692965752,6881.550146678832,-43843211.90411329,293.1506485807198,0.893356485670382,0.2743020912037334,3.0248517914695186e-13,4.0953961343466707e-11,0.15239658511980111,4.518363789318603e-11,1.6752173476923298e-09,2.361232700388253e-10,1.7046669755720688e-11,0.0,0.0,0.0,0.0,0.0,0.0,0.0,0.0,0.0,0.0,0.0,0.0,0.0,0.0,0.0,0.0,0.0,0.0,0.0,0.0,1.9469290611629628e-17,0.0,0.0,0.0,0.0,0.0,0.0,5.914601828783362e-16,3.648541172584614e-17,0.0,0.0,0.0,0.0,0.0,0.0,0.0,0.0,0.0,0.0,0.5733013216616375,0.0,0.0,0.0,0.0,0.0
0.0243359375,4.991240061985725,6903.686479573403,-43843211.90411329,293.1571362196505,0.8933879870557473,0.274256138657731,5.793924948126308e-12,4.665688601166187e-10,0.15240635869425084,8.60802938232757e-10,2.586191173633946e-08,3.4718032808579775e-09,2.913678604464371e-10,1.363536173094477e-20,3.161628015271673e-21,2.4176244752935094e-19,1.1899148334709297e-21,3.5300833751930576e-17,9.880866977890546e-18,6.990728826480632e-17,5.825824289024018e-18,1.5250710267290167e-19,3.984516457518667e-17,3.9297858584458146e-20,4.527852274404647e-18,1.445107973260052e-17,4.417423334857846e-21,4.5363619494491415e-18,3.519970736720486e-20,0.0,3.730433410534457e-18,6.99447519920587e-18,3.2678739891891e-19,3.2945029698600375e-17,0.0,1.9830538660620236e-16,1.9894943311002467e-17,1.1397478553909357e-17,6.635630126813904e-18,3.894760282732105e-21,1.0505835127319668e-14,1.0875850346621974e-15,7.813707040835124e-18,5.831907247718115e-17,1.5345981318685368e-20,3.952804175319038e-18,3.1195900014634955e-18,2.2298520814090802e-20,3.253095058306538e-18,3.2540956057169383e-18,3.1057583314679256e-18,2.978837687469845e-18,0.5733374716897573,4.54007664078949e-18,1.3447622622337636e-18,1.8502827194776866e-18,2.8785320817271872e-18,3.6502297849758274e-18
0.024375,4.4512297768211315,6914.743943945591,-43843211.90411329,293.1839971711129,0.8934311012204332,0.2741440919503856,4.310372177443106e-11,2.290271978413204e-09,0.15243014872473332,6.289336862875719e-09,1.6562305497573e-07,2.1024770285782287e-08,2.0455864134876293e-09,1.449257924879391e-20,3.3520435342489475e-21,2.6834565568742147e-19,1.2603773397403657e-21,7.01422645688656e-17,2.615635997751426e-17,2.519863356375183e-16,2.577887887771581e-17,1.7473623071650712e-19,8.044056035706077e-17,4.2068087729217917e-20,1.5000362639147637e-17,2.5936357118213045e-17,4.689187399735699e-21,1.7033121538557805e-17,3.7561167998377617e-20,1.1526987150183287e-17,1.3827893548583115e-17,1.787890585983263e-17,3.6937879165264317e-19,4.299703046646339e-17,8.869880502700527e-18,1.0461215785483175e-15,9.062632926407095e-17,5.377197448789745e-17,2.8070834726100095e-17,6.655570326821328e-21,7.406323305362806e-14,8.799512038874078e-15,5.547370674306997e-17,4.744138542777122e-16,1.6315345736906904e-20,1.5353883271812416e-17,1.440740365284827e-17,2.3704118323717446e-20,1.4899942817409717e-17,1.4907966822229943e-17,1.4767602888966692e-17,2.9791123471810353e-17,0.5734255620086719,1.909557088201504e-17,9.877558704858652e-18,1.0341136313527891e-17,4.761608376823275e-18,1.3602382506313719e-17
0.024404296875000002,4.045879172257265,6923.077505211662,-43843211.90411329,293.28046385186127,0.8934196797467616,0.2738905945585574,2.2671151246599515e-10,9.043776934972773e-09,0.1524837814185185,3.2686504551937456e-08,8.495359508011486e-07,1.0461011234418642e-07,1.1429288471687838e-08,1.2122047150883465e-19,2.8255083586892694e-20,2.0649170538865194e-18,1.0642782832851257e-20,1.2793911838612773e-16,5.347717601694745e-17,5.451213693659877e-16,6.623481778818714e-17,1.312080838440885e-18,1.5963248660072469e-16,3.474366349017455e-19,3.7806052586418073e-17,5.028910505557367e-17,3.943963780454135e-20,4.2099899844393004e-17,3.1195385068575035e-19,3.6999035613856075e-17,3.6621156975690673e-17,4.183712094495975e-17,2.733235184266618e-18,6.638099202426971e-17,3.2244233307557e-17,4.438500193737154e-15,3.638325371392892e-16,1.5237792037799451e-16,8.219157374679757e-17,4.6780400033978515e-20,4.1562645149705053e-13,5.6338096478275795e-14,3.2479584313621453e-16,2.6484495569629636e-15,1.3657014350879486e-19,3.9600167408261917e-17,3.850161765883122e-17,1.9815515423893764e-19,3.918382141201525e-17,3.9183855589093824e-17,3.906747182496784e-17,8.536298450013547e-17,0.5736246164900978,4.4480683845006596e-17,3.2129635921991767e-17,3.25489843552959e-17,1.983203142458692e-17,3.6888695340927596e-17
0.024423828124999998,3.7764007490219105,6928.78118203606,-43843211.90411329,293.50295171742164,0.8931762816245682,0.27350045539834916,7.919544647620143e-10,2.5060193259189835e-08,0.15256577333659352,1.1098448993631788e-07,2.9428506441879442e-06,3.563029839600318e-07,4.256654540210477e-08,0.0,0.0,0.0,0.0,0.0,0.0,0.0,0.0,0.0,0.0,0.0,0.0,0.0,0.0,0.0,0.0,0.0,0.0,0.0,0.0,0.0,0.0,1.2968594382437965e-14,9.15031358934011e-16,1.616270860986206e-16,3.411785876366951e-17,0.0,1.5547301282629523e-12,2.363401125710112e-13,1.2240889062355263e-15,9.655647417306645e-15,0.0,0.0,0.0,0.0,0.0,0.0,0.0,0.0,0.5739302927064303,0.0,0.0,0.0,0.0,0.0
0.02443359375,3.6428267583382934,6931.800463739652,-43843211.90411329,293.76736096219395,0.8927470278007446,0.27316264534943707,1.6594828957623618e-09,4.454512571344597e-08,0.15263604131751388,2.2247568353505698e-07,6.096888734126483e-06,7.353952131945099e-07,9.272931818581396e-08,2.1609518145164562e-19,5.180945931223373e-20,2.1086313228857243e-18,1.9539211108223614e-20,0.0,0.0,0.0,0.0,1.753559683552342e-18,0.0,5.733973662893464e-19,0.0,0.0,7.200403507922184e-20,0.0,5.238842302966338e-19,0.0,0.0,0.0,2.029283055211128e-18,0.0,0.0,2.4338567477498493e-14,1.9360562127737107e-15,4.332801890147482e-16,2.199925770127873e-16,1.7370516939330382e-19,3.4006092595780584e-12,5.620993452907125e-13,3.250122427668375e-15,2.1232666329885454e-14,2.4400644533243126e-19,0.0,0.0,3.492447347085512e-19,0.0,0.0,0.0,0.0,0.5741941196354773,0.0,0.0,0.0,0.0,0.0
0.024443359375,3.511270304526519,6935.125453635632,-43843211.90411329,294.26568780085745,0.8917835042495722,0.27266627713201913,3.6270564800959427e-09,8.198000765322597e-08,0.15273784240668573,4.5898440163884503e-07,1.3338263583298153e-05,1.6185215647289916e-06,2.1439237907122796e-07,0.0,0.0,0.0,0.0,4.5934037402093156e-17,2.4481818922904568e-17,0.0,0.0,0.0,0.0,0.0,0.0,0.0,0.0,0.0,0.0,0.0,0.0,0.0,0.0,0.0,0.0,4.7337390326650716e-14,3.922579622882491e-15,8.657219228140914e-16,5.750996583798726e-16,0.0,7.902067607720708e-12,1.434442995675831e-12,9.001264191691481e-15,4.930330146206169e-14,0.0,0.0,0.0,0.0,0.0,0.0,0.0,0.0,0.5745801646828546,0.0,0.0,0.0,0.0,0.0
0.024453125,3.3835049279277745,6939.044103717873,-43843211.90411329,295.1878567364185,0.8897875361446919,0.2719463447933438,8.516452512833782e-09,1.527103082554544e-07,0.15288222908573926,9.524202815057048e-07,2.959015919447013e-05,3.6352806604894363e-06,5.021623560888257e-07,2.74313631678205e-18,6.543333413040839e-19,3.976832032649347e-17,2.459978253066204e-19,1.2038336494152111e-15,5.769627604456228e-16,5.546832160078094e-15,6.562278396592283e-16,2.7792930165053497e-17,1.2632154757850005e-15,7.672223261003592e-18,3.425651092822377e-16,3.955703632339388e-16,9.099487671084676e-19,4.2210108972743056e-16,6.9163684514222324e-18,4.046960850828387e-16,3.5379189366145557e-16,3.735275405541576e-16,5.0285138633120735e-17,3.595722070603094e-16,3.258486810142452e-16,9.355165154571461e-14,8.330224262986892e-15,2.108335292889635e-15,1.8287091753082137e-15,1.3493318148474232e-18,1.863127817230811e-11,3.707840968796939e-12,2.5571490301196268e-14,1.1642945737046555e-13,3.1242251670481904e-18,3.8203281126254945e-16,3.7893048953842396e-16,4.492245283603519e-18,3.9502029520647863e-16,3.946305705174373e-16,3.954554476029219e-16,8.820985290250262e-16,0.5751365848490599,4.74182925118775e-16,2.593172062218256e-16,2.6177147122063953e-16,2.3993812425137026e-16,3.27845696336326e-16
0.024462890624999997,3.262521559038471,6944.0414245433885,-43843211.90411329,296.86155154439,0.8858884640692702,0.2709166235885202,2.275630850580665e-08,2.84374138453243e-07,0.15308157395989702,1.969949741135021e-06,6.517056023775189e-05,8.135985428128324e-06,1.1635476060772357e-06,0.0,0.0,0.0,0.0,1.6925068485501014e-15,8.098332060258575e-16,8.219741961009492e-15,1.0769656245397117e-15,0.0,2.0494637227264205e-15,0.0,4.446624827511449e-16,5.896653092422856e-16,0.0,6.331822224177363e-16,0.0,6.224392073825505e-16,5.377665693815444e-16,5.885456983577031e-16,0.0,5.533958774385439e-16,5.220769059604746e-16,1.826684682580767e-13,1.5959602972296333e-14,3.3744685000813233e-15,3.632874940279027e-15,8.472255390249547e-19,4.3599678277160556e-11,9.44309300528106e-12,6.977120567889895e-14,2.710158952783049e-13,0.0,5.889300258936985e-16,5.930976577589969e-16,0.0,6.071743719558592e-16,6.069384419645568e-16,6.103512480164146e-16,1.3495165218322197e-15,0.5759250552245088,6.507773340658909e-16,4.094228264640897e-16,4.179235606795002e-16,2.0006582718262662e-16,5.201337537260873e-16
0.0244677734375,3.206453829815384,6947.221432909618,-43843211.90411329,298.18697770741056,0.8826732035070379,0.2702435962173809,4.3697967577293947e-08,3.918958644976818e-07,0.1532061281979838,2.881760814868583e-06,9.806539630547549e-05,1.2365273727152277e-05,1.7969596378416307e-06,0.0,0.0,0.0,0.0,3.2956168509459656e-15,1.5415746481800684e-15,1.5834927856182506e-14,2.357462216692042e-15,0.0,4.382537318558586e-15,0.0,1.0352228408288277e-15,1.30450919971061e-15,0.0,1.3876921862172334e-15,0.0,1.36819178115057e-15,1.2648504010855972e-15,1.3494203380342928e-15,1.892370159075307e-17,1.3022582454222687e-15,1.2699193462283963e-15,2.5817280510088836e-13,2.298021547825955e-14,4.8900220846888284e-15,5.842722166245484e-15,0.0,6.80018064587005e-11,1.5376700724668127e-11,1.1970864053969925e-13,4.218106224441887e-13,0.0,1.3347420713914825e-15,1.3420879219401285e-15,0.0,1.356350715665916e-15,1.3596707563946812e-15,1.3616150980254641e-15,3.052814661752005e-15,0.5764347305160525,1.3358180731185281e-15,1.1403334115776328e-15,1.1415978190955982e-15,9.906505084767316e-16,1.268247649226885e-15
0.02447265625,3.1549267781045915,6951.170006442002,-43843211.90411329,300.01447263934165,0.8781513825563901,0.26943710148570527,8.799241042395079e-08,5.441328116594852e-07,0.15334835239387118,4.255524293689019e-06,0.0001490481867526923,1.9012918390947753e-05,2.804255442154774e-06,1.4004846988729934e-16,3.4696827395126896e-17,1.6243182410558748e-15,1.3107980850995368e-17,9.488981464820542e-15,4.386874337243222e-15,3.8991970922572814e-14,6.514629058612332e-15,1.3286494532957576e-15,1.2286821808735716e-14,3.7379513260850966e-16,3.746765286526148e-15,4.275181986937384e-15,4.872042578665126e-17,4.467706090234286e-15,3.45093883676005e-16,4.391969494597051e-15,4.302494586077996e-15,4.462091857451506e-15,1.9102484960786577e-15,4.442493962096029e-15,4.4141442448545234e-15,3.68870878347248e-13,3.481196270390363e-14,8.683901900136882e-15,1.101886965870429e-14,4.5272933261263737e-17,1.0754158882769563e-10,2.5401298533330697e-11,2.1137369394127602e-13,6.666797661947256e-13,1.6227645120229486e-16,4.401455500991862e-15,4.4145805778057344e-15,2.2862239565602256e-16,4.40285765861742e-15,4.407836360262832e-15,4.406638012180735e-15,9.756717971786002e-15,0.5770387929759111,4.15026962145259e-15,4.403792165359079e-15,4.374600297135037e-15,5.130796612433539e-15,4.422835668355683e-15
0.024477539062499998,3.1094034219049034,6956.167679270071,-43843211.90411329,302.51377218510964,0.8718981791157614,0.2684760308760463,1.8706236836791148e-07,7.596840374018187e-07,0.1535071229802858,6.329779309943506e-06,0.0002271567347185663,2.9310111473545322e-05,4.379688979735947e-06,0.0,0.0,0.0,0.0,0.0,0.0,0.0,0.0,0.0,0.0,0.0,0.0,0.0,0.0,0.0,0.0,0.0,0.0,0.0,0.0,0.0,0.0,5.148157686583336e-13,3.9035284754872026e-14,1.2344694552901671e-15,6.429135195490627e-15,0.0,1.7100899706613583e-10,4.1992238062404555e-11,3.617870285583656e-13,1.0446968057833938e-12,0.0,0.0,0.0,0.0,0.0,0.0,0.0,0.0,0.577748722867811,0.0,0.0,0.0,0.0,0.0
0.024482421875,3.071693201496158,6962.567384209538,-43843211.90411329,305.9008758630365,0.8634050817759189,0.2673378082416569,4.1414105873316393e-07,1.0658562012752631e-06,0.15367912618575208,9.481934220009315e-06,0.00034528136788380417,4.496878900894459e-05,6.793723581300359e-06,0.0,0.0,0.0,0.0,0.0,0.0,0.0,0.0,0.0,0.0,0.0,0.0,0.0,0.0,0.0,0.0,0.0,0.0,0.0,0.0,0.0,0.0,7.302726127959664e-13,5.3524299304023753e-14,0.0,7.29070395079805e-15,2.957033613484351e-17,2.7197894735708867e-10,6.881002029588207e-11,6.334397243886664e-13,1.6487753837665556e-12,0.0,0.0,0.0,0.0,0.0,0.0,0.0,0.0,0.5785750594167747,0.0,0.0,0.0,0.0,0.0
0.0244873046875,3.043968443844617,6970.796242520643,-43843211.90411329,310.4437898104923,0.8520980352541043,0.2659990726368518,9.36825800137645e-07,1.5039002591521992e-06,0.15385796527199302,1.4324774069084513e-05,0.0005213120313221774,6.821350185562661e-05,1.0399011012780182e-05,0.0,0.0,0.0,0.0,0.0,0.0,0.0,0.0,0.0,0.0,0.0,0.0,0.0,0.0,0.0,0.0,0.0,0.0,0.0,0.0,0.0,0.0,1.0407387347368257e-12,8.061101881605677e-14,2.4787033114950212e-15,1.4958920368265027e-14,1.3013590811974444e-16,4.3114258203459836e-10,1.1080694249641225e-10,1.1088767772247018e-12,2.5958363605375224e-12,0.0,0.0,0.0,0.0,0.0,0.0,0.0,0.0,0.5795262715000431,0.0,0.0,0.0,0.0,0.0
0.0244921875,3.028735965182954,6981.34652546291,-43843211.90411329,316.46403430342843,0.8373828141862094,0.26443670243548895,2.125584413970849e-06,2.13790960313287e-06,0.15403328871259506,2.1873441199550346e-05,0.0007792500258609092,0.00010163083503309747,1.5612086598298318e-05,0.0,0.0,0.0,0.0,0.0,0.0,0.0,0.0,0.0,0.0,0.0,0.0,0.0,0.0,0.0,0.0,0.0,0.0,0.0,0.0,0.0,0.0,1.4768006519568534e-12,1.1953035640453606e-13,7.943168818725674e-15,2.7318471173827073e-14,2.9649742672159866e-16,6.797585802464e-10,1.7392175888182558e-10,1.9166779682601884e-12,4.050517978648125e-12,0.0,0.0,0.0,0.0,0.0,0.0,0.0,0.0,0.5806073781079277,0.0,0.0,0.0,0.0,0.0
0.0244970703125,3.028734241343087,6994.750955877952,-43843211.90411329,324.3299793597588,0.8187260084611384,0.2626291767516008,4.760706235155142e-06,3.069343863455002e-06,0.15419024126615216,3.38163941271091e-05,0.0011499531054175243,0.0001476594742143459,2.285153374733801e-05,5.734059668406703e-16,1.6165161150229542e-16,5.7110165776196865e-15,5.989622832111941e-17,2.386797436102197e-14,1.8161241524665234e-14,1.320686808616844e-13,1.7789549223897605e-14,5.454734578629693e-15,3.384132273906433e-14,1.485732645105443e-15,1.2594598578802989e-14,1.4050633036445833e-14,2.3350280006854564e-16,1.3109370696720085e-14,1.4662634637518734e-15,1.1960780936132456e-14,1.0439341917157516e-14,1.2298202812881662e-14,6.859549225797403e-15,1.0858402925644135e-14,1.0804229251236474e-14,2.111265666886534e-12,2.0102352692940572e-13,4.216048373479705e-14,7.239351823655364e-14,1.3032919237186676e-15,1.0645252207295293e-09,2.638211529214498e-10,3.288540310398761e-12,6.273990149696014e-12,7.483078325011885e-16,1.191617340153239e-14,1.1870405456796979e-14,9.972132368233371e-16,1.1896763933553204e-14,1.1911298121687209e-14,1.2028214259155602e-14,2.4220943022648456e-14,0.5818184700838182,1.3506158892093886e-14,8.922772757931626e-15,9.941083940397971e-15,1.442438302406458e-14,1.0651642413815398e-14
0.024501953125,3.046724970687173,7011.539388655289,-43843211.90411329,334.43720508042844,0.7957714378600611,0.2605581695073349,1.0388348476573592e-05,4.458738607684067e-06,0.1543096530841153,5.2898491030911496e-05,0.0016710038659468053,0.00020756892108290481,3.242174000428882e-05,0.0,0.0,0.0,0.0,2.8419474837669213e-15,1.1365350740151236e-14,8.46698267938126e-14,9.744634570942143e-15,0.0,1.995454834075102e-14,0.0,6.845779924599233e-15,8.395140057489509e-15,0.0,5.0052565125511496e-15,0.0,4.548132408287734e-15,2.5439857715704116e-15,5.55798019375235e-15,0.0,3.618398625682709e-15,3.577574251774276e-15,2.945740072421953e-12,2.6727348776382657e-13,4.066400834376371e-14,9.169772889863569e-14,3.462628357619867e-15,1.6537955753360186e-09,3.830104953187967e-10,5.479554434655608e-12,9.520238288625406e-12,0.0,4.384885517581312e-15,4.4280010448068734e-15,0.0,4.420244693136941e-15,4.362571774683163e-15,4.507206375346401e-15,7.133298137846215e-15,0.583153435248032,5.375742616960358e-15,8.470919964586538e-16,3.5265101694616464e-15,2.7653535724510914e-15,3.4867395170332105e-15
0.0245068359375,3.085161266143814,7032.178644014576,-43843211.90411329,347.17185386982055,0.7684738648648433,0.2582101375337342,2.185740384330449e-05,6.5533354065362425e-06,0.15436929890444562,8.332092138938364e-05,0.0023850973950032095,0.0002800348602300147,4.436325032557156e-05,1.3385751439046819e-15,4.297927090558729e-16,9.422774351310954e-15,1.5716687543246917e-16,3.4928258881013636e-14,3.150656994011914e-14,2.3392419522956785e-13,3.423932705650979e-14,1.1968598819354027e-14,6.802088220069951e-14,3.226935673691086e-15,2.7108870501703244e-14,2.914395522034199e-14,6.265410169535621e-16,2.425162985560749e-14,3.30299529255614e-15,2.283720317534619e-14,2.0007403852927914e-14,2.4744153596529584e-14,1.0338099812823325e-14,2.159835671305779e-14,2.1613141706000488e-14,4.1366228458135034e-12,3.9283023158399486e-13,6.908428606284281e-14,1.4889872904705607e-13,1.1709688457243025e-14,2.5449038694359466e-09,5.26954083003322e-10,9.000833334755589e-12,1.4242822132169967e-11,1.887654907781196e-15,2.275829531842684e-14,2.274138720685362e-14,2.3545514567650405e-15,2.2573350277748536e-14,2.2588404423683512e-14,2.2733718177143857e-14,4.373057720626109e-14,0.5845993332948582,2.3479928456499378e-14,1.6559521708609264e-14,2.1964603143353526e-14,2.337235871982873e-14,2.145622839469796e-14
0.02450927734375,3.11288481184763,7044.0923296161845,-43843211.90411329,354.66029305761845,0.7532301537040244,0.2569274600009326,3.163430704390641e-05,8.003945007180708e-06,0.15436779036016646,0.00010500724676646014,0.002832484987482561,0.0003191348601876601,5.110767855054267e-05,0.0,0.0,0.0,0.0,0.0,5.7255534742834274e-15,3.9520012790768695e-14,2.2610689360529385e-15,0.0,7.471249564302085e-15,0.0,3.862573274747598e-16,4.103512168488526e-15,0.0,0.0,0.0,0.0,0.0,6.488803270282846e-16,0.0,0.0,0.0,4.874294263040871e-12,4.37998277208711e-13,4.876295079551302e-14,1.4844609356650636e-13,2.0308824065944977e-14,3.154693634560169e-09,6.025610428447457e-10,1.1464977845309769e-11,1.7287808583281178e-11,0.0,0.0,0.0,0.0,0.0,0.0,0.0,0.0,0.5853573728222651,0.0,0.0,0.0,0.0,0.0
0.02451171875,3.1467379579012493,7057.229525987805,-43843211.90411329,362.9712201801824,0.7369750354052678,0.2555708673665007,4.504550471901499e-05,9.800049027125898e-06,0.15433953629497593,0.0001321481838232048,0.0033509039725867595,0.00035904253806345974,5.832976700180896e-05,0.0,0.0,0.0,0.0,0.0,0.0,0.0,0.0,0.0,0.0,0.0,0.0,0.0,0.0,0.0,0.0,0.0,0.0,0.0,0.0,0.0,0.0,5.781091669315893e-12,5.156756971310708e-13,4.6194033629827035e-14,1.677847862898465e-13,3.689990405288347e-14,3.907072247058494e-09,6.776728883029796e-10,1.4614053858488192e-11,2.0934526437069735e-11,0.0,0.0,0.0,0.0,0.0,0.0,0.0,0.0,0.5861343216964606,0.0,0.0,0.0,0.0,0.0
0.02451416015625,3.1867667097475016,7071.633597837733,-43843211.90411329,372.12855383649753,0.7198336342617684,0.2541405819448113,6.318886882463587e-05,1.2011138312503587e-05,0.15428138144943343,0.0001656391584516261,0.003946411978038029,0.0003983041938321374,6.592624613469042e-05,0.0,0.0,0.0,0.0,0.0,1.3631273662445995e-14,9.250718722938612e-14,7.963205269507346e-15,0.0,1.8992621708215426e-14,0.0,3.269614016318854e-15,9.799867426572759e-15,0.0,1.8737628522010034e-15,0.0,1.4929923295805347e-15,0.0,4.310345107889306e-15,0.0,0.0,0.0,6.9017638162025445e-12,6.401466757702001e-13,7.128463250144917e-14,2.1842382447172634e-13,6.699041343681699e-14,4.828522233529687e-09,7.485615034872731e-10,1.860948412939705e-11,2.5256809845715832e-11,0.0,1.2237703536924334e-15,1.3636688475440965e-15,0.0,1.2063534910601034e-15,1.3112377618560337e-15,1.6746592426740066e-15,0.0,0.5869265493931495,2.556130735526844e-15,0.0,1.8578210398054181e-16,0.0,0.0
0.0245166015625,3.232907575240791,7087.335322426921,-43843211.90411329,382.14337083024515,0.701958861632886,0.2526372802132354,8.735900265776725e-05,1.4713060237020395e-05,0.1541904293296902,0.00020629154925202257,0.004624436699033413,0.0004353643487172817,7.377490005373439e-05,5.5124204545489945e-15,2.076452894364707e-15,2.8367478735792654e-14,7.519076330575206e-16,7.525467231065952e-14,6.191672343816643e-14,4.078279223444842e-13,6.448391346431659e-14,4.382240115213319e-14,1.2221039358499038e-13,1.1770442809958649e-14,5.0072274440796487e-14,5.829518542260505e-14,3.028614801802595e-15,5.0872115166626337e-14,1.2755512006616539e-14,4.617307430380638e-14,3.802227576738918e-14,4.98578098760745e-14,2.975416816785511e-14,4.3152824887815656e-14,4.3449498099587015e-14,8.283001944285682e-12,8.187193546951639e-13,1.2637134306248592e-13,3.0428169969204003e-13,1.2252914182089237e-13,5.9480060913569734e-09,8.112421716680956e-10,2.363101311248366e-11,3.031073170435752e-11,8.281585425346116e-15,4.6047843947511524e-14,4.577394471232487e-14,9.670359127471172e-15,4.5567306236364564e-14,4.5695876164174596e-14,4.6159225669713e-14,8.306848317432644e-14,0.587730344072482,4.749480872507045e-14,3.416384938068178e-14,4.409156408021506e-14,4.7410857080572265e-14,4.335331890451583e-14
0.02451904296875,3.2849833149695975,7104.352561504951,-43843211.90411329,393.0127302419273,0.6835245195434755,0.2510620542206313,0.00011904050663634178,1.7985691920476675e-05,0.1540641014635835,0.00025472348949363453,0.005389595353600154,0.0004687091121348486,8.1740864750868e-05,0.0,0.0,0.0,0.0,2.4415603998712442e-15,2.0017660415059125e-14,1.6233427317812038e-13,1.9651995728750996e-14,0.0,4.204703935221647e-14,0.0,1.0664568403366642e-14,1.9102550570449962e-14,0.0,8.65003976855873e-15,0.0,8.850573459836339e-15,2.3701292768814493e-15,1.2615690184251558e-14,0.0,6.863793753631412e-15,7.437176040232595e-15,9.866514017754309e-12,9.42266966570986e-13,9.518101309914508e-14,3.1184145147791017e-13,2.1453566625830168e-13,7.29644647808662e-09,8.618341078805333e-10,2.976750898837726e-11,3.601851775389605e-11,0.0,8.477529573925573e-15,8.84447365568089e-15,0.0,8.482441365692982e-15,8.622359486948874e-15,9.16957387935013e-15,1.2619494257439434e-14,0.5885420410613411,8.607444479243825e-15,1.3671581356239598e-15,9.699547874453614e-15,4.332279355871426e-15,7.29171168119013e-15
0.024521484375,3.3427058368041127,7122.690621581897,-43843211.90411329,404.7193407334345,0.6647166380782066,0.2494163626425405,0.0001598853536632313,2.191008072384708e-05,0.15390017977387005,0.000311243360623891,0.006245568419768176,0.000497018053973257,8.968254164100687e-05,0.0,0.0,0.0,0.0,0.0,4.15059386004331e-15,3.6539042045967824e-14,6.587728984230055e-16,0.0,2.2894393503667234e-15,0.0,0.0,3.882839440653746e-15,0.0,0.0,0.0,0.0,0.0,0.0,0.0,0.0,0.0,1.1840146000890747e-11,1.1371839653818735e-12,9.411547679820522e-14,3.5345485329045576e-13,3.7793552447362277e-13,8.906634833739596e-09,8.974022417206945e-10,3.7354248967522914e-11,4.2504542131569494e-11,0.0,0.0,0.0,0.0,0.0,0.0,0.0,0.0,0.5893581398754497,0.0,0.0,0.0,0.0,0.0
0.02452392578125,3.4056863210703803,7142.343236900892,-43843211.90411329,417.232147307758,0.6457240216485917,0.24770197712648487,0.00021167357586179348,2.6565513344602924e-05,0.15369683693659061,0.00037574559623153395,0.007195038350781129,0.0005192956324529119,9.745649634228866e-05,0.0,0.0,0.0,0.0,0.0,4.490972221988566e-15,3.123069073727929e-14,2.577535385379559e-16,0.0,0.0,0.0,0.0,3.832652758147832e-15,0.0,0.0,0.0,0.0,0.0,0.0,0.0,0.0,0.0,1.4285111179338877e-11,1.4030853708599546e-12,1.097792012333389e-13,4.174656642848961e-13,6.55766677108099e-13,1.0812507269021084e-08,9.160577781832024e-10,4.6640139651592066e-11,4.974532337173231e-11,0.0,0.0,0.0,0.0,0.0,0.0,0.0,0.0,0.5901753989300487,0.0,0.0,0.0,0.0,0.0
0.024526367187500002,3.4734516526752537,7163.294043600675,-43843211.90411329,430.50778627647406,0.626729090965214,0.24592092945034066,0.00027625859205459614,3.20271160451587e-05,0.15345265814940448,0.00044764044000024654,0.008239692630106961,0.0005349571375133367,0.0001049214007512795,9.878270577546743e-17,4.068759239938326e-17,0.0,1.0583098529983056e-17,0.0,1.273724360053516e-14,8.617488848567878e-14,9.254104168108685e-15,6.889146042187437e-16,1.528544203976549e-14,1.5370475604700128e-16,1.360817894520019e-15,1.128627144656032e-14,6.71828136359989e-17,3.1538622191920746e-15,2.2398906949313837e-16,3.570317721773809e-15,0.0,6.310932134590935e-15,0.0,7.891728316800752e-16,1.7252769716028735e-15,1.731342149649145e-11,1.748037215008953e-12,1.328940881974662e-13,4.960307529293947e-13,1.1186248420200528e-12,1.3049061285929884e-08,9.173461758299807e-10,5.7908850291653504e-11,5.769233395184112e-11,1.7454320058711095e-16,3.422738171552759e-15,3.750149271547894e-15,1.9401756166693531e-16,3.269549542929709e-15,3.4121434939641243e-15,4.335696266423152e-15,0.0,0.5909909009807854,3.780634220290378e-15,0.0,3.1828059866421415e-15,0.0,1.4940680535951176e-15
0.02452880859375,3.5454653731733843,7185.518379134459,-43843211.90411329,444.4927379314708,0.6078999983281524,0.24407546342268668,0.0003555009296205936,3.836458825336164e-05,0.15316665410704056,0.0005258355813503554,0.009380280785760392,0.0005438549855657722,0.0001119415544006819,7.679336827084988e-16,3.289299960631867e-16,4.0289342940937674e-15,1.1741418336966107e-16,1.0431028584380985e-14,2.144629319164121e-14,1.4379361349584483e-13,1.9008684511849277e-14,6.52104014324849e-15,3.2453755064403667e-14,1.7102432910012013e-15,7.93806569476334e-15,1.9268133009142543e-14,4.751063927810991e-16,1.1415949906306211e-14,1.9821683012803705e-15,1.0600057405835437e-14,4.197352753291219e-15,1.3917078873492508e-14,4.2452916143871416e-15,7.61131616025679e-15,8.391991914919673e-15,2.1072438387272246e-11,2.1888058879962093e-12,1.5740244474637748e-13,5.841130070168619e-13,1.872724562115001e-12,1.565236815643752e-08,9.022749411739976e-10,7.148074341991718e-11,6.627220402390419e-11,1.3618981945048794e-15,1.0615883194755221e-14,1.0699740898386455e-14,1.4872619167696896e-15,1.0143784129142011e-14,1.0297785955300029e-14,1.1413514565874911e-14,1.1867923702359854e-14,0.5918020873266115,1.0904875502233917e-14,4.2993884633549885e-15,1.0091968762248143e-14,6.471914629301573e-15,8.271455910327613e-15
0.02453125,3.621150832398834,7208.985228013708,-43843211.90411329,459.12591799339174,0.5893847115928901,0.24216799354203836,0.0004511961629376938,4.5642524931595094e-05,0.15283826176736318,0.0006087783684159099,0.010616708801175498,0.0005462452015602637,0.0001183905669471051,3.0935997550556233e-16,1.365837205589683e-16,2.538381948010394e-15,5.301357440585186e-17,9.126487324732179e-15,2.0445851290431133e-14,1.440957991192596e-13,1.8640176158093194e-14,3.4760549992817757e-15,3.110939485690558e-14,8.871159896430378e-16,6.900069989477441e-15,1.8417649332994387e-14,1.8869602755041072e-16,1.0404791775708223e-14,1.0305671109445825e-15,9.699172871140096e-15,3.3699362490367894e-15,1.3243194711865317e-14,2.9671920012322087e-15,6.818750129649966e-15,7.49020771718541e-15,2.5747593569840496e-11,2.747106482908174e-12,1.7577530140867616e-13,6.743023734949783e-13,3.0736363198887602e-12,1.8659802303531966e-08,8.731008883909515e-10,8.771011102705372e-11,7.538652719349549e-11,6.025455274221504e-16,9.753977903676118e-15,9.942789426112477e-15,6.669268645195199e-16,9.31483057041719e-15,9.531198221347897e-15,1.0803935282084824e-14,1.0911622461146883e-14,0.5926067633358022,9.97598960026932e-15,3.794933747053726e-15,9.44704617315385e-15,5.9379524375959706e-15,7.550789431086522e-15
0.0245361328125,3.7814213027132415,7259.476456954182,-43843211.90411329,490.1072469955713,0.553727437264208,0.23817840191434164,0.0006962065805080674,6.316603536957031e-05,0.15205573853913357,0.0007829989211723657,0.01336942231705645,0.0005334252647494701,0.0001292520181696138,0.0,0.0,0.0,0.0,0.0,3.2346771882904474e-15,5.4091451020404415e-14,3.5707679324482115e-15,0.0,6.161525613013587e-16,0.0,0.0,4.4469909409311445e-15,0.0,0.0,0.0,0.0,0.0,6.192450106340675e-16,0.0,0.0,0.0,3.8546947722024625e-11,4.343128171292717e-12,2.105599319058018e-13,8.790181291100163e-13,7.71737859322805e-12,2.5987513634598e-08,7.822607788200702e-10,1.29237654039277e-10,9.488717024637474e-11,0.0,0.0,0.0,0.0,0.0,0.0,4.2769112473994303e-16,0.0,0.5941913613638361,0.0,0.0,0.0,0.0,0.0
0.02453857421875,3.8642917312333602,7286.271667294524,-43843211.90411329,506.2460963073561,0.5368417361263735,0.2361026748772097,0.0008496777106431856,7.355985065595009e-05,0.15160553723434989,0.0008685104573124386,0.014876557197965158,0.0005211961106723511,0.00013348997787073695,3.281708583528947e-16,1.7409881691568898e-16,4.091193922935608e-16,5.5282196070278825e-17,0.0,6.034414616455075e-15,6.690572412045891e-14,7.0665515352871494e-15,1.2631098562230158e-15,4.49290653777384e-15,4.085839379046272e-16,0.0,7.071857636724177e-15,2.383361102864005e-16,6.786448975496996e-16,4.558776689732776e-16,1.5765797977308447e-15,5.5177326332812934e-17,3.5460957903307466e-15,0.0,0.0,0.0,4.7568094233814234e-11,5.546057280234632e-12,2.413617522310474e-13,1.0086947209165202e-12,1.1837273421692796e-11,3.039153947263077e-08,7.307274653183127e-10,1.5547850297964478e-10,1.0497864229843733e-10,4.485741611183658e-16,1.793096421140331e-15,2.5345694321803407e-15,4.737640294442031e-16,1.3383145695975703e-15,1.6547930009665497e-15,3.4752033284268768e-15,0.0,0.5949687651342792,2.4479278407304003e-15,0.0,1.0108105742757183e-15,0.0,0.0
0.024541015625000002,3.9485440511200656,7314.129438809087,-43843211.90411329,522.7648181951831,0.5206138833043578,0.23397564580032243,0.0010247664196755227,8.515640429423922e-05,0.15111458574110428,0.000950841061846066,0.01647207837928945,0.0005058403727106237,0.00013683120651966274,4.919684795333172e-17,8.472912685833979e-18,1.194404387815807e-18,3.4468183986315086e-19,0.0,5.739127150359208e-15,6.729282533228668e-14,6.825992109195141e-15,2.226267488572788e-16,3.0936570650205447e-15,2.1219783691044873e-17,0.0,6.3671212770571794e-15,3.683321604429521e-17,3.5990274156055924e-16,6.469569737226458e-17,1.1717129642934304e-15,0.0,3.019062829324675e-15,0.0,0.0,0.0,5.883642565980554e-11,7.0947226449147745e-12,2.7209897933904723e-13,1.1488123114447209e-12,1.7756345789078197e-11,3.536355975062391e-08,6.779633109296353e-10,1.861482241892226e-10,1.152046263965372e-10,7.167008145812484e-17,1.49028269487821e-15,2.243192280047655e-15,5.996456831517088e-17,8.320127653117308e-16,1.2390063222667611e-15,3.1923620159487016e-15,0.0,0.5957342181861471,2.1315212831934317e-15,0.0,5.49617676376387e-16,0.0,0.0
0.0245458984375,4.119545231772342,7372.867827482442,-43843211.90411329,556.7366028255442,0.49020612181366624,0.2295782629234361,0.0014409902078987163,0.00011219647619319377,0.15001452350925915,0.0011006175958993174,0.019916551719491634,0.00046862948681449266,0.00014076560131379755,0.0,0.0,0.0,0.0,0.0,6.1752440886209384e-15,6.528831976389592e-14,5.920838253528726e-15,0.0,0.0,0.0,0.0,4.53263487125429e-15,0.0,0.0,0.0,0.0,0.0,1.448605377428858e-15,0.0,0.0,0.0,8.960728613103226e-11,1.1507544367725369e-11,3.445943570329236e-13,1.4728215471536027e-12,3.7369638854801867e-11,4.7140250283924515e-08,5.762193624803926e-10,2.62325015869937e-10,1.3581633603907183e-10,0.0,9.875281268153075e-17,8.556293341625042e-16,0.0,0.0,0.0,2.1566835901891936e-15,0.0,0.5972274142246936,8.088070780479016e-16,0.0,0.0,0.0,0.0
0.02455078125,4.2904085735391995,7435.056337619076,-43843211.90411329,591.4883617108082,0.46265580593142525,0.22501177131208633,0.0019469959786978003,0.00014516454080230575,0.1487719206535188,0.0012222398379499219,0.023663355597394777,0.00042871567887023523,0.00014129923949883394,3.893153763036882e-16,2.3602108905676753e-16,1.9312664920253686e-15,8.68541895270183e-17,6.1201135299743905e-15,2.17625906778418e-14,1.31038866865761e-13,1.7099508271093673e-14,3.3375084498503164e-15,1.728357818390402e-14,8.469812252005206e-16,2.2978945328013614e-15,1.3329218518196623e-14,2.9384837271666373e-16,8.07573969263897e-15,1.094620691223438e-15,6.649241278280205e-15,1.223945722909205e-15,9.917517629115776e-15,1.973693259934958e-15,4.365882247074443e-15,3.853491655926408e-15,1.3596669872731594e-10,1.856352190068715e-11,4.4603984054631186e-13,1.8704883960599448e-12,7.239790401949636e-11,6.162524636638891e-08,4.896395390139962e-10,3.615395971718237e-10,1.5630357752038934e-10,7.94610006501901e-16,7.74384935424714e-15,7.917402948857466e-15,7.958198197788557e-16,5.939292860524054e-15,6.494227932895531e-15,9.798234079508267e-15,4.501470581511131e-15,0.5986684742988856,8.098294946381119e-15,2.2186068151881632e-15,6.691073566344067e-15,3.40751087367918e-15,4.338558355789938e-15
0.024555664062500003,4.458628710329779,7500.382335811087,-43843211.90411329,626.6626358331429,0.43783670159163823,0.220296503498606,0.0025410860736121265,0.00018541941146281652,0.14739308800227444,0.001312668844518023,0.02768869960177364,0.000389757692651982,0.00013877069947356495,0.0,0.0,7.92909939827836e-17,0.0,3.212081857478739e-15,2.2520365431439384e-14,1.3430339411911795e-13,1.735390849571983e-14,1.2294296521409972e-16,1.670723507676892e-14,0.0,8.157849416282433e-16,1.2647038677244422e-14,0.0,6.924926874665883e-15,0.0,5.676202467451194e-15,2.867128199122445e-17,9.356720638069521e-15,3.2452329333539827e-16,3.732983199684463e-15,2.828555014415782e-15,2.0447904318751502e-10,2.9533407223623564e-11,5.659334419501671e-13,2.3333998221827166e-12,1.3016378084366772e-10,7.924615730206546e-08,4.2107497403416475e-10,4.889301033550294e-10,1.7663623884296868e-10,0.0,6.91482909339913e-15,7.083806985476942e-15,0.0,4.854344826865975e-15,5.401173254874384e-15,9.287383965774468e-15,2.41348920601613e-15,0.6000539254754605,7.034467987593615e-15,8.902319534877634e-16,6.53578731347695e-15,1.963867889093541e-15,3.4937332082076756e-15
0.024560546875000002,4.622349756697196,7568.571096669424,-43843211.90411329,661.973277313647,0.41553753475777755,0.2154509069333736,0.003219182388425884,0.00023474775149456338,0.14588154963640595,0.001374000162870682,0.03197092026412003,0.0003537379363151344,0.00013367384283352753,8.186428538909113e-16,5.243607844497738e-16,3.2434841819934228e-15,1.8773088434534574e-16,9.987453559382288e-15,2.294224826036563e-14,1.4327103560847717e-13,2.0655428628740623e-14,5.9284717942206594e-15,2.1246091661832844e-14,1.5898053810370603e-15,3.651350620716557e-15,1.5185704390761075e-14,6.267493339201052e-16,1.0369432167138416e-14,2.0402718318896733e-15,8.448628117868158e-15,1.834536752940277e-15,1.2647837910298126e-14,3.0122567627100756e-15,6.815841485066702e-15,5.8186429510348574e-15,3.0345211361511244e-10,4.614889849813039e-11,7.267315381263817e-13,2.8834481923392687e-12,2.1908878846801578e-10,1.0047296940124112e-07,3.6910330780781774e-10,6.504600141949111e-10,1.9702928685199617e-10,1.5594864633415738e-15,9.90364990933936e-15,9.810181142839805e-15,1.478011791393978e-15,7.60958867222932e-15,8.14799325817314e-15,1.2202883642130594e-14,7.130061179272784e-15,0.6013811788219048,9.662497847866108e-15,3.858381615975052e-15,9.925888790237345e-15,5.381929954530872e-15,6.611302979860864e-15
0.0245654296875,4.780256505275622,7639.385435357903,-43843211.90411329,697.1971030138658,0.39551220102951995,0.21049107775726755,0.003975922248674679,0.00029531269725943215,0.14423757567032994,0.0014117534200677284,0.036491973139804144,0.0003214577327333894,0.0001265636480834123,0.0,0.0,0.0,0.0,0.0,0.0,3.7224687675908084e-14,2.741762763602343e-15,0.0,0.0,0.0,0.0,0.0,0.0,0.0,0.0,0.0,0.0,0.0,0.0,0.0,0.0,4.4286539773683676e-10,7.060416475685857e-11,9.231950562233621e-13,3.511700783096132e-12,3.481687209038593e-10,1.2581527516277552e-07,3.3072740751593567e-10,8.529173331714627e-10,2.1776105403401768e-10,0.0,0.0,0.0,0.0,0.0,0.0,0.0,0.0,0.6026482356029855,0.0,0.0,0.0,0.0,0.0
0.024570312500000004,4.931463822359796,7712.624559402725,-43843211.90411329,732.1632473446156,0.377510600198216,0.20543066773062488,0.004805515511364737,0.00036955259685520343,0.14245830172768598,0.0014331582656151587,0.0412381228504246,0.0002930141731985007,0.00011799058404819676,0.0,0.0,0.0,0.0,0.0,0.0,3.502070539216179e-14,4.059572382164449e-15,0.0,0.0,0.0,0.0,1.0638579656401218e-15,2.870303362478255e-18,0.0,0.0,0.0,0.0,0.0,0.0,0.0,0.0,6.343230441544716e-10,1.0570941960896982e-10,1.204706822739924e-12,4.259146281656888e-12,5.264849445302095e-10,1.55822387475836e-07,3.0289638562422697e-10,1.1040611445517796e-09,2.3913495640726824e-10,0.0,0.0,0.0,0.0,0.0,0.0,9.374344305659995e-16,0.0,0.6038535178196803,0.0,0.0,0.0,0.0,0.0
0.024580078125,5.212427503570365,7865.836000263191,-43843211.90411329,800.9716664394476,0.34659903160965827,0.19504202765636466,0.006663711468783441,0.0005661626900054287,0.1384819803165959,0.001450407747120175,0.05137154316100343,0.00024664256463381815,9.80181733717254e-05,9.10899246455742e-17,6.67376123914401e-17,3.6222044510092683e-16,2.2348244359687588e-17,1.2738686918660674e-15,5.55794913528191e-16,6.529156296022905e-14,9.09975855431e-15,6.676723810304161e-16,1.8063615796012215e-15,1.722205318249423e-16,2.7477836172045727e-16,3.8992557440234724e-15,6.298270301557391e-17,3.545036870657005e-16,2.4304266201273873e-16,9.382595818184954e-16,1.2170023293584722e-16,2.856323817133239e-15,2.7729226942396317e-16,4.5866335286784596e-17,2.975779211845214e-16,1.2093296734963555e-09,2.1744688509338092e-10,2.0454352248810503e-12,6.093235518864004e-12,1.0655814096040733e-09,2.3140096781192685e-07,2.699243353775202e-10,1.7761570034969787e-09,2.841893072136367e-10,1.8753944494577002e-16,2.0119159256325368e-15,2.2260858403203377e-15,1.6790077990898257e-16,6.145763774733345e-16,7.697614321987385e-16,4.086377503344742e-15,4.957278700353232e-16,0.6060792699902832,2.2350550213434772e-15,3.058959724360982e-16,9.564093188904064e-16,2.9097433487922474e-16,1.4329075441087145e-16
0.024589843750000003,5.4633478313213395,8026.061575113164,-43843211.90411329,867.7282817278958,0.3211991950539665,0.18437687467279792,0.008744613657797228,0.0008410954609189682,0.13393800351346621,0.0014811552133640337,0.062268900752544584,0.00021098324452341514,7.761676432610203e-05,1.572372629980076e-16,1.1990377131243553e-16,5.675455457663713e-16,4.071116663156642e-17,2.866077490965926e-15,2.478869626562563e-15,7.205486542670483e-14,1.1012756136885376e-14,1.1572047626382848e-15,5.208976017540574e-15,2.8112329803409174e-16,4.2436922947498114e-16,4.5719732000071576e-15,1.0429254423304303e-16,2.131221961217109e-15,4.0014624049120045e-16,1.9396534453675027e-15,1.9783260113225714e-16,3.827053625200317e-15,4.47327777449015e-16,1.7980795113835483e-15,1.136161732584153e-15,2.124891676256895e-09,4.097175625126198e-10,3.4936021726543844e-12,8.425674711043505e-12,1.894867727670491e-09,3.305303812632117e-07,2.559089988230705e-10,2.7207441550781e-09,3.3331817459511937e-10,2.9296471081579594e-16,3.113085544358992e-15,3.15056450930334e-15,2.2708112919502205e-16,1.745542733300694e-15,1.776892590986585e-15,4.939002322921349e-15,1.0972755469841908e-15,0.6080604184383743,3.2719384570708486e-15,7.663539634347177e-16,2.426291870978746e-15,8.868188986702183e-16,1.4790852571170035e-15
0.024599609375000005,5.684668294051169,8192.356469133807,-43843211.90411329,932.1329956938605,0.3000426627959611,0.1735048901489736,0.011008735093699649,0.0012050449334075795,0.12878865379840024,0.0015597857617457697,0.0738930433822881,0.00018312678243095472,5.890114390455316e-05,0.0,0.0,0.0,0.0,0.0,0.0,2.866945322330091e-14,5.195191157084708e-15,0.0,0.0,0.0,0.0,5.471675358253243e-16,0.0,0.0,0.0,0.0,0.0,8.305591789200847e-17,0.0,0.0,0.0,3.4682200953444744e-09,7.1103856742099e-10,5.876883941773348e-12,1.1311389395954996e-11,3.055500087117683e-09,4.575103058479522e-07,2.553580855980706e-10,4.0072541006193265e-09,3.8831539906976627e-10,0.0,0.0,1.1866607418966414e-16,0.0,0.0,0.0,8.210382902934525e-17,0.0,0.6097973495419345,0.0,0.0,0.0,0.0,0.0
0.024609375000000003,5.877681571902208,8363.946426696988,-43843211.90411329,994.0514271448368,0.2821843839381692,0.16250881010701698,0.01341428884006794,0.0016591345214830393,0.12302634179595195,0.0017077902168707883,0.08618166060662648,0.0001607590542760674,4.307822447417927e-05,0.0,0.0,0.0,0.0,0.0,0.0,0.0,6.821945665411177e-16,0.0,0.0,0.0,0.0,0.0,0.0,0.0,0.0,0.0,0.0,0.0,0.0,0.0,0.0,5.297889646082869e-09,1.1444877719452536e-09,9.544424515487005e-12,1.4781659307668004e-11,4.567322179350882e-09,6.164808599142968e-07,2.6500614391068217e-10,5.70271851602726e-09,4.5081885594301233e-10,0.0,0.0,0.0,0.0,0.0,0.0,0.0,0.0,0.6112975026998027,0.0,0.0,0.0,0.0,0.0
0.024619140625,6.043469768230129,8540.172063169453,-43843211.90411329,1053.3585412359998,0.26694566484828414,0.15149376201422657,0.0159138069751692,0.0021938859414276347,0.1166893657480739,0.0019356442079428496,0.09902470847420027,0.00014226218432081823,3.058688002757347e-05,0.0,0.0,0.0,0.0,0.0,0.0,2.6847886258189416e-15,1.8775669176664686e-15,0.0,0.0,0.0,0.0,0.0,0.0,0.0,0.0,0.0,0.0,0.0,0.0,0.0,0.0,7.628767698928954e-09,1.7212358499424312e-09,1.4757262700818204e-11,1.8813916491676224e-11,6.426331825399259e-09,8.110723754397129e-07,2.8280848336905647e-10,7.859910887997186e-09,5.221699744362382e-10,0.0,0.0,0.0,0.0,0.0,0.0,0.0,0.0,0.6125751420274351,0.0,0.0,0.0,0.0,0.0
0.024624023437500003,6.116111810018841,8629.786887625305,-43843211.90411329,1081.9347967848216,0.2601626346682277,0.14602929756196525,0.01717829918965756,0.002484506089218511,0.1133386770288131,0.0020799948411343696,0.10559127929831151,0.00013409252187913758,2.5548366895877798e-05,5.739993703364904e-16,3.6573526866506425e-16,1.0223835345347344e-15,1.1446075532320142e-16,3.6585082800348305e-15,0.0,4.3485366846417895e-14,9.312939870306242e-15,1.7349970366671624e-15,2.593748319757924e-15,5.246615476867827e-16,4.521545227933737e-16,1.3299351609228104e-15,2.7334465452572077e-16,1.0942112183724672e-15,7.195268013723653e-16,1.0742554368603335e-15,2.7730321469200336e-16,1.182259822674803e-15,5.935869605370991e-16,1.2196906533394511e-15,9.738733618313897e-16,8.969507300371093e-09,2.0615669524358565e-09,1.7978401626669725e-11,2.1012400506072485e-11,7.475186720614253e-09,9.228440766281194e-07,2.943314733725932e-10,9.122024178321141e-09,5.616205124441062e-10,6.519385475436847e-16,1.3411095274333593e-15,1.1543505797945447e-15,4.832393616262108e-16,1.0923435370111367e-15,1.019581208838591e-15,1.3183922411418417e-15,9.895969868863345e-16,0.6131373537347348,1.6816380382572775e-15,6.682173578531044e-16,6.853730523106224e-16,7.37377881341171e-16,1.017574983416777e-15
0.024628906250000002,6.181930891260251,8720.434775651207,-43843211.90411329,1109.7528363123065,0.25387071928761085,0.14061087965526592,0.018445680754021095,0.0027880425307237806,0.10987616689416939,0.0022447760597502794,0.1122338642175336,0.00012653489784327928,2.1303264929975272e-05,1.4000227886327119e-15,9.619824787633714e-16,2.4680845887872325e-15,3.184293171091051e-16,9.393565383122894e-15,0.0,7.200464540855864e-14,1.480337459311279e-14,4.280953751281882e-15,8.407023087868933e-15,1.3755513303904857e-15,1.147971178587965e-15,3.842452248106362e-15,7.252375995684467e-16,6.311186015693699e-15,1.729592154674839e-15,4.1052110967898884e-15,7.8213892334738e-16,3.844601121841487e-15,1.5562386883712135e-15,4.444070763878549e-15,2.647299044056171e-15,1.0422872367133025e-08,2.4354084718429034e-09,2.160768179417357e-11,2.3316794636724962e-11,8.596750300225e-09,1.045153962446507e-06,3.075834253774821e-10,1.0515942941584776e-08,6.03922116165151e-10,1.5637412317392667e-15,5.811298173219224e-15,3.339807669673694e-15,1.2079405657049835e-15,3.48053530668822e-15,2.8963175982569236e-15,4.965124509158318e-15,2.455160309945878e-15,0.6136516736442088,4.46926008267501e-15,1.8637516282280004e-15,3.1755881121667673e-15,1.984026679498246e-15,3.5092788910376853e-15
0.0246337890625,6.240990672027126,8812.062292278788,-43843211.90411329,1136.7963557443038,0.24802622497006652,0.13525707383132207,0.01970851287109616,0.003101063853753905,0.106320485314407,0.0024289894870799735,0.11892386185435909,0.00011949331063729183,1.77790810656467e-05,0.0,0.0,0.0,0.0,1.7753667149617117e-15,0.0,6.093901571430094e-14,1.2291935948170515e-14,1.7764812719369665e-16,2.8828278436630464e-15,0.0,0.0,9.409661962563739e-16,0.0,1.9080884180447058e-15,0.0,1.2130414035299423e-15,0.0,9.675173271146865e-16,0.0,1.309533992315594e-15,2.326772020284159e-16,1.197694738876587e-08,2.839621589797171e-09,2.5615334392993237e-11,2.5702321495818374e-11,9.783497203654258e-09,1.1782580115911043e-06,3.2239619836624133e-10,1.2039719298350488e-08,6.491051078149928e-10,0.0,2.6825281680998875e-15,5.983066683110469e-16,0.0,7.414692534741336e-16,3.7853784001560986e-16,2.082635358666868e-15,4.0546598462257065e-17,0.6141215244755686,1.7660545319062551e-15,2.40020381486416e-17,6.294234231275371e-16,3.821793367171854e-18,7.704902365213339e-16
0.024638671875000004,6.293349075077335,8904.620881351397,-43843211.90411329,1163.050707121484,0.24259096552430173,0.12998679670813676,0.02095928782948787,0.0034199920425881875,0.10269242513701379,0.0026313325779797336,0.12563059895604473,0.0001128964106220131,1.4894066588504183e-05,0.0,0.0,0.0,0.0,0.0,0.0,5.2582445072402736e-14,1.1783272735138025e-14,0.0,3.5331753494479235e-16,0.0,0.0,1.9006446814594207e-16,0.0,1.2245738433321904e-16,0.0,3.099849887203894e-16,0.0,2.390388423801928e-16,0.0,2.0597055293935694e-16,0.0,1.3617452294672417e-08,3.2703553016034462e-09,2.996946789516186e-11,2.8152697997944945e-11,1.1026868784725858e-08,1.3223364319259173e-06,3.38610125203242e-10,1.3688468555589745e-08,6.97128478375415e-10,0.0,1.4560481031135993e-15,5.154693679059653e-17,0.0,1.3054243502074391e-16,0.0,1.0549873286202784e-15,0.0,0.6145504112380311,1.0918480236797604e-15,0.0,7.140788560998619e-17,0.0,7.573949502012034e-17
0.024648437500000002,6.378407027848398,9092.448433147878,-43843211.90411329,1213.1881249572411,0.23280770629146785,0.11974802790390374,0.023403601602941606,0.0040648785983538075,0.09528500138867023,0.0030856470393845078,0.13900305395280618,0.0001008442073612247,1.0772977880278244e-05,0.0,0.0,0.0,0.0,0.0,0.0,3.939859483061647e-14,1.0985006099012022e-14,0.0,0.0,0.0,0.0,0.0,0.0,0.0,0.0,0.0,0.0,0.0,0.0,0.0,0.0,1.7108799903467053e-08,4.197882408854865e-09,3.9557754488461887e-11,3.3165462452934426e-11,1.3651064494207044e-08,1.643608162101121e-06,3.7471526437344023e-10,1.733608201606764e-08,8.013313324969805e-10,0.0,0.0,0.0,0.0,0.0,0.0,0.0,0.0,0.6152964751778872,0.0,0.0,0.0,0.0,0.0
0.024658203125,6.438076918216236,9283.27607559496,-43843211.90411329,1260.1963275540825,0.22428092896377017,0.11005185810744401,0.025714822141523007,0.004692609907595431,0.08786354235304797,0.003590771899265182,0.15206847235741827,9.005142375063179e-05,8.145014601002506e-06,6.80117539635807e-16,3.9671964504962786e-16,8.121658154103304e-16,1.230438230389043e-16,3.5960838938774895e-15,2.770192661559372e-16,7.740646837832312e-14,1.8552976753863802e-14,1.4059936075872838e-15,2.911221581922154e-15,4.831715965067286e-16,2.9445660761676953e-16,1.1096399219930244e-15,2.284774108266111e-16,2.7835791907827483e-15,5.660703599592859e-16,1.7169607532827004e-15,2.3904968032126594e-16,1.2123801336623922e-15,4.830335875123119e-16,1.7047978282223035e-15,7.283202942803174e-16,2.072778763256957e-08,5.1741928971716e-09,4.9848174781756416e-11,3.811910064871592e-11,1.6386610372956655e-08,2.006364562725738e-06,4.1422471055359237e-10,2.1326768385209318e-08,9.141304684938743e-10,5.052521442527233e-16,4.533856910354501e-15,9.11748370293876e-16,3.744985278420321e-16,1.1567840412171689e-15,8.073749533247737e-16,2.8764397463201996e-15,6.367969372318165e-16,0.6159176553989744,2.8838714313551674e-15,5.001119973652917e-16,9.122675770242758e-16,5.153000653275122e-16,1.2302903397811272e-15
0.02466796875,6.473025341365014,9476.802237822512,-43843211.90411329,1304.0732176169493,0.21682881264726128,0.10101903475492226,0.027844936450442746,0.005280504074544432,0.08060268733719964,0.004131785451837042,0.16459395633268348,8.035269093257212e-05,6.48670129972594e-06,0.0,0.0,0.0,0.0,0.0,0.0,7.52190835488903e-14,1.940696408008473e-14,0.0,0.0,0.0,0.0,0.0,0.0,3.5699838874632936e-16,0.0,1.4408156997890268e-16,0.0,0.0,0.0,4.844973985763978e-17,0.0,2.432199940198695e-08,6.158566773498288e-09,6.035343471268646e-11,4.2817900001600294e-11,1.9150086839125826e-08,2.4089979866424485e-06,4.562361985192795e-10,2.5530430689053106e-08,1.0338528327353573e-09,0.0,3.0722210807384766e-15,0.0,0.0,0.0,0.0,1.381101907337747e-15,0.0,0.616437770453706,1.8300636139208e-15,0.0,0.0,0.0,0.0
0.0246875,6.472769572404287,9871.525794509364,-43843211.90411329,1382.7723378418473,0.2045442700470489,0.08518044932913674,0.031461909500405845,0.006286000007493953,0.06700843357329588,0.005277011024597957,0.18747569062631694,6.38073233582835e-05,4.824506224452263e-06,3.4943162158827395e-16,1.5971188743811827e-16,2.8703735621648254e-16,5.2688310240838835e-17,2.20769545920994e-15,3.325269572541048e-15,9.700809195884791e-14,2.6571868548098666e-14,6.234552901533845e-16,1.7246527908246823e-15,1.96313665678063e-16,7.756234038915572e-17,4.677883020437234e-16,6.815998609497138e-17,2.3876822006798697e-15,2.1796416341312963e-16,1.294890321690541e-15,8.390409127619952e-17,5.569610277657022e-16,1.8452737570700001e-16,1.0900387422359218e-15,2.1103822865873767e-16,3.100435130007379e-08,8.031686452988526e-09,8.073850527585153e-11,5.1073213693625043e-11,2.44862050793776e-08,3.3264194190392124e-06,5.453340362655354e-10,3.413883923250975e-08,1.2884726848474996e-09,1.6413188464120496e-16,5.604123203167262e-15,2.9834999156352775e-16,1.0292244070674933e-16,6.844942426209554e-16,2.602471266036803e-16,2.756554167161047e-15,2.062692978241652e-16,0.6172384480628965,3.1953244009225705e-15,1.5340341263577062e-16,3.369671304903705e-16,1.5494771228547026e-16,6.114440407146565e-16
0.02470703125,6.3899658592621025,10273.177648638575,-43843211.90411329,1450.9484175628606,0.1949031080758061,0.07259605386261793,0.03407772720832388,0.007014602811140179,0.055317122819188554,0.006424412371918541,0.20668654632670078,5.0599272580592295e-05,3.882372255661561e-06,0.0,0.0,0.0,0.0,0.0,0.0,5.734606627945644e-14,2.6326910115464436e-14,0.0,0.0,0.0,0.0,0.0,0.0,0.0,0.0,0.0,0.0,0.0,0.0,0.0,0.0,3.6225595181370264e-08,9.60290690297385e-09,9.892015437513331e-11,5.759420318925879e-11,2.918646046176966e-08,4.354949636424225e-06,6.346746915141241e-10,4.1994257244293465e-08,1.5443944278241742e-09,0.0,0.0,0.0,0.0,0.0,0.0,0.0,0.0,0.6178245786607498,7.99792524240535e-16,0.0,0.0,0.0,0.0
0.024716796875000002,6.321116083613097,10475.664253429964,-43843211.90411329,1481.5976690886712,0.1908440089398235,0.06747889571997617,0.035020208467882896,0.007280503022848477,0.05028265587491884,0.006979486171980898,0.2148374942129731,4.511750113741608e-05,3.518848420866085e-06,1.1534571090522644e-15,5.360452660146629e-16,7.950230263547836e-16,1.6747171489125289e-16,3.4033379495394872e-15,1.3497618669079776e-15,7.956294931544352e-14,3.223209817843612e-14,1.1206069536538196e-15,2.1611069867626062e-15,5.543690518125106e-16,2.406494726643891e-16,7.965557362997714e-16,2.62351010332481e-16,2.127770385727764e-15,5.681657508127126e-16,1.2485546587605046e-15,2.6144837328117226e-16,8.11214254943396e-16,4.584732437330089e-16,1.320894150196453e-15,5.438448624324108e-16,3.816259265620588e-08,1.0249206517666094e-08,1.0721431793892389e-10,6.039224986113149e-11,3.1220567032588504e-08,4.899865038649436e-06,6.785272615175196e-10,4.5407832126220904e-08,1.6686193250743627e-09,5.349398152127098e-16,3.90974754496264e-15,6.023399341883412e-16,3.565228361128813e-16,9.120552442191389e-16,6.13774175834925e-16,1.643287354924516e-15,5.694456057677969e-16,0.6180670927597252,3.136513783367008e-15,4.1818826276093933e-16,6.564169770751129e-16,3.642447476921335e-16,9.55962166043013e-16
0.0247265625,6.234905848541337,10679.146081027808,-43843211.90411329,1510.0560236939134,0.18721992890982886,0.06310491728906235,0.035734730801272194,0.0074852504214782305,0.04582045627190369,0.007515577881852225,0.22200395617024576,4.034934435059678e-05,3.2069519422322644e-06,0.0,0.0,0.0,0.0,0.0,0.0,6.906958793607793e-14,3.232288034458161e-14,0.0,0.0,0.0,0.0,0.0,0.0,0.0,0.0,0.0,0.0,0.0,0.0,0.0,0.0,3.962745793837442e-08,1.0797070571695992e-08,1.1506578375994021e-10,6.296778339601038e-11,3.301752928785949e-08,5.463362329503288e-06,7.22077461252479e-10,4.841026268826918e-08,1.7897901263957956e-09,0.0,8.199360806884711e-16,0.0,0.0,0.0,0.0,0.0,0.0,0.6182859569632378,1.462734856134726e-15,0.0,0.0,0.0,0.0
0.024736328125,6.132664315754888,10883.304884027702,-43843211.90411329,1536.5305820818971,0.18396915353004187,0.059409380760918507,0.03624339220127415,0.007637319253521721,0.04190602728597964,0.008028405915927772,0.22824444943361014,3.622724503569399e-05,2.9344469276853453e-06,7.253116481883697e-16,3.019143963655816e-16,4.2287240704009667e-16,9.694014910299032e-17,2.160783641714419e-15,1.4543773329738412e-15,8.319184535729537e-14,3.699286041687827e-14,6.242116581168518e-16,1.3287807416393904e-15,2.927050712040399e-16,1.1796238235134778e-16,3.985393639975183e-16,1.3057523094068188e-16,1.610746785874858e-15,3.048205637655441e-16,8.444784917995411e-16,1.3941707816834738e-16,4.1405623135337017e-16,2.6382241199152385e-16,8.754212558581112e-16,2.5481244032541735e-16,4.064639289233027e-08,1.1251570128258843e-08,1.2262381277458786e-10,6.544389342862539e-11,3.457958021516358e-08,6.042112651644517e-06,7.65343026128167e-10,5.0990547403997394e-08,1.9070853676730054e-09,2.7109915173315774e-16,3.640252495399206e-15,2.7271759826959333e-16,1.7623316571340306e-16,5.778497882222838e-16,2.903094884214706e-16,1.3713651888763997e-15,2.860008494526928e-16,0.6184856810154222,2.998363356238186e-15,2.0286803958199857e-16,3.0136335731581026e-16,1.7622166112990138e-16,5.483594486943515e-16
0.02474609375,6.0156323314102345,11087.791486908473,-43843211.90411329,1561.2170507409535,0.1810392600772114,0.056320633542960526,0.03657120931125325,0.007745353798902191,0.03850186199332066,0.008514808769543407,0.23363453503387233,3.268280946309355e-05,2.694272413645728e-06,2.1178255025652647e-16,5.107685187045061e-17,8.009818549032896e-17,1.8052643815450532e-17,9.563626240799363e-16,1.05352338540985e-15,8.069171564603524e-14,3.885314359725259e-14,2.0824321908848884e-16,5.83211498493455e-16,5.682081723921554e-17,8.062466369294597e-18,9.420164658519869e-17,9.168782551381352e-18,9.1778327011744e-16,7.182917287540107e-17,4.0886933896944725e-16,1.8216847233526744e-17,1.0704423344173362e-16,5.822192576467008e-17,4.1559706170416086e-16,3.463201358219097e-17,4.126437466505775e-08,1.162118746162946e-08,1.3003402873678067e-10,6.792735440704763e-11,3.5917517026663286e-08,6.633013720512977e-06,8.083602411259554e-10,5.316086575556433e-08,2.0198846175902936e-09,4.0487795499196705e-17,2.9308452903851656e-15,4.028891577556549e-17,1.1797696151845738e-17,2.429881799751798e-16,4.619955753127903e-17,9.120732706407724e-16,5.508122064099534e-17,0.6186694424642671,2.6491365966321987e-15,2.927904168016166e-17,5.802814337319766e-17,2.5155263861237795e-17,1.9262083683019922e-16
0.024765625,5.7411207476872,11496.798626107951,-43843211.90411329,1605.8160717413894,0.17598366517808714,0.05173240633987784,0.03676529781320714,0.007854248542649276,0.03308070643242527,0.009400584672961072,0.24213386358904596,2.7093844014535697e-05,2.294735768829736e-06,0.0,0.0,0.0,0.0,0.0,0.0,6.129710097427124e-14,4.1450876173453394e-14,0.0,0.0,0.0,0.0,0.0,0.0,0.0,0.0,0.0,0.0,0.0,0.0,0.0,0.0,4.146825068224873e-08,1.2135832985507686e-08,1.4486868650935514e-10,7.322557917895708e-11,3.796395782101998e-08,7.842939678020593e-06,8.941344158418744e-10,5.636299748130299e-08,2.2310229435849523e-09,0.0,5.997795710959016e-16,0.0,0.0,0.0,0.0,0.0,0.0,0.6189955098159762,1.867574593705613e-15,0.0,0.0,0.0,0.0
0.0248046875,5.05755549802179,12305.713378464352,-43843211.90411329,1680.3289917337784,0.1681597525447172,0.04715339613246229,0.03591723517262342,0.007803630424131553,0.026351059161903646,0.010813761618169784,0.25242706456001845,2.0142286558972848e-05,1.7220014768009065e-06,0.0,0.0,0.0,0.0,0.0,0.0,5.893498965642704e-14,4.952079340607399e-14,0.0,0.0,0.0,0.0,0.0,0.0,0.0,0.0,0.0,0.0,0.0,0.0,0.0,0.0,3.930664807390344e-08,1.2529352766278552e-08,1.768911588491294e-10,8.668258359504172e-11,4.009487849121972e-08,1.0309562684749437e-05,1.0639417359003579e-09,5.9463711063886275e-08,2.5913079396824687e-09,0.0,4.402693094376516e-16,0.0,0.0,0.0,0.0,0.0,0.0,0.6195015237664454,2.0910390535444518e-15,0.0,0.0,0.0,0.0
0.02482421875,4.661359391031918,12693.999058987903,-43843211.90411329,1712.3847968017628,0.16500571737300831,0.046020961361088845,0.03527559237456228,0.007725940788562037,0.024104638663510976,0.011386807619039856,0.25575646186128437,1.784466380768215e-05,1.5145687486057543e-06,0.0,0.0,0.0,0.0,0.0,1.3064434721740042e-17,6.41522466958954e-14,5.3728676250058475e-14,0.0,0.0,0.0,0.0,0.0,0.0,3.5123296807919215e-18,0.0,0.0,0.0,0.0,0.0,0.0,0.0,3.7908986950370855e-08,1.2570111848297773e-08,1.9380682267598054e-10,9.471387797857418e-11,4.063403409589994e-08,1.1512445414515837e-05,1.142712502381332e-09,6.021633325514257e-08,2.739167343235783e-09,0.0,8.040201085222572e-16,0.0,0.0,0.0,0.0,5.2994507981775907e-17,5.259088765944985e-19,0.6196985701539929,2.3450873910893693e-15,0.0,0.0,0.0,0.0
0.02484375,4.232255164850732,13065.098280439768,-43843211.90411329,1741.0817816403508,0.16228457542788358,0.04540868672656967,0.034579924561704084,0.0076311925661756005,0.02244524447650957,0.011873221977728374,0.2581648720540348,1.612496079322443e-05,1.3484098363130132e-06,2.1900627143534996e-16,5.4757226364695706e-17,7.785358396679821e-17,1.8646399252335506e-17,6.443871379552997e-16,4.3464694912394805e-16,7.201335080643073e-14,5.784014458723926e-14,1.2892619866873628e-16,3.190172900179566e-16,4.3456131160775673e-17,9.547349138533989e-18,4.5573765203401844e-17,1.1532493305257203e-17,5.756183994634738e-16,5.663672480747277e-17,1.9822422062846514e-16,1.794003600156206e-17,4.590550278727262e-17,5.70215767115997e-17,2.5709612733082763e-16,2.3385627529273883e-17,3.6486827450022856e-08,1.2544472430982293e-08,2.1094100819763104e-10,1.0344116259953546e-10,4.092585676207692e-08,1.2673454108290408e-05,1.2173803507265168e-09,6.059373345406082e-08,2.8675137691800723e-09,3.362258730736893e-17,1.611077861889434e-15,1.8486226666821596e-17,1.447668516702315e-17,1.6508605741309458e-16,2.927334830560359e-17,5.304219308993486e-16,4.8254288777150644e-17,0.6198665558622353,2.755898925787145e-15,2.089054666112461e-17,2.5417560410288878e-17,1.4945191705920346e-17,1.0753583342617221e-16
0.02486328125,3.7732689701642257,13412.817505766541,-43843211.90411329,1766.552696882539,0.1599455392181746,0.045125511710234996,0.03389438552153321,0.0075318076778233675,0.021210748406913248,0.012282294402270936,0.2599170672146946,1.4821504206146865e-05,1.2156511120944048e-06,3.448993790000096e-16,1.0158915172118728e-16,1.4034808031031927e-16,3.268132580612179e-17,9.68637592634266e-16,5.139103591093197e-16,7.087028562356314e-14,6.06087263711593e-14,2.055670146084886e-16,4.896529914296971e-16,8.551277305632005e-17,2.1924028326924485e-17,8.693670860652054e-17,2.4842147030032944e-17,7.774665091670539e-16,1.0099312211078237e-16,2.995241659812263e-16,4.0367486940556966e-17,8.919643334543453e-17,9.550799906872265e-17,3.8476579562675907e-16,5.038783287910374e-17,3.5166139547176885e-08,1.2481882706868145e-08,2.2777239700567015e-10,1.1250715600135896e-10,4.1057968755645596e-08,1.3770332852971714e-05,1.2867871460457725e-09,6.07434418341553e-08,2.977557360041805e-09,6.595588556586193e-17,1.6614465153743132e-15,4.050618402375907e-17,3.301427080341829e-17,2.395663862951705e-16,6.13452110294277e-17,6.381385813643372e-16,8.630569316939717e-17,0.6200082235241594,2.8468282106467173e-15,4.676148232719719e-17,5.4112082777606784e-17,2.9883938521737727e-17,1.8179158326808798e-16
0.024882812500000004,3.2873010377580467,13730.407226004028,-43843211.90411329,1788.795301667743,0.15795837681183847,0.04503957791741523,0.03326144870295998,0.007435986119925131,0.020287002487113032,0.012622237948904321,0.2611980494802858,1.3826166312293436e-05,1.1105677958856354e-06,0.0,0.0,0.0,0.0,0.0,0.0,5.2569713085382093e-14,6.097723728045969e-14,0.0,0.0,0.0,0.0,0.0,0.0,0.0,0.0,0.0,0.0,0.0,0.0,0.0,0.0,3.4015051652726915e-08,1.2402586050278546e-08,2.437213350642606e-10,1.2148577872544734e-10,4.109343871163163e-08,1.4779114159854325e-05,1.3496432954470183e-09,6.076332091782759e-08,3.070315096994397e-09,0.0,0.0,0.0,0.0,0.0,0.0,0.0,0.0,0.6201258284354503,1.9744310898625716e-15,0.0,0.0,0.0,0.0
0.024902343750000003,2.7773849792364813,14010.78894422621,-43843211.90411329,1807.7167702204806,0.15630663065855077,0.04506175632903177,0.03270833065728911,0.007349380660613694,0.01959615995834757,0.012899345036365141,0.26213387761776447,1.3067482955204737e-05,1.0287648364594401e-06,0.0,0.0,0.0,0.0,0.0,0.0,5.4172007158859846e-14,6.29286546795464e-14,0.0,0.0,0.0,5.535610709978671e-19,0.0,5.532869884593223e-20,0.0,0.0,0.0,3.3602179090531644e-19,0.0,0.0,0.0,4.834340539783749e-19,3.306344481499165e-08,1.232063658205205e-08,2.5819638614026116e-10,1.2992293629889235e-10,4.107623773633754e-08,1.5674717722091302e-05,1.4046638284113346e-09,6.071652740637667e-08,3.146637345024147e-09,5.432336126503799e-19,6.419848457231802e-18,8.939851307478088e-19,1.0343854300796925e-18,0.0,3.671755408768902e-19,0.0,0.0,0.6202212266586882,2.2650177851401308e-15,5.789307743027722e-19,4.2574721128254694e-19,0.0,0.0
0.024921875000000003,2.246862940425509,14246.854255091559,-43843211.90411329,1823.1707114832227,0.15498288228987414,0.045132750972089394,0.03225200897536185,0.0072759890786503415,0.019086715989255914,0.013117970538334857,0.26280861008969114,1.2499107260052592e-05,9.66880025429793e-07,2.456570956477431e-16,7.652578848809023e-17,1.0618833974135424e-16,2.3774896967171157e-17,6.640950277461978e-16,2.481255614898726e-16,5.768833772351917e-14,6.460557535741712e-14,1.4138342978389687e-16,3.3389154739970043e-16,6.363485029700803e-17,1.63108507333994e-17,6.073855243367389e-17,1.7917521776239233e-17,4.875381434522304e-16,7.392147339282191e-17,1.9691861090703696e-16,3.2482095714531976e-17,6.192745399753243e-17,6.996555552324624e-17,2.632997237003664e-16,3.701549479086721e-17,3.2318036397397865e-08,1.224578884183108e-08,2.7062618285689915e-10,1.3736416474272346e-10,4.10361942528578e-08,1.6431982817336926e-05,1.4506202385645806e-09,6.064344354432962e-08,3.2071890423183013e-09,4.621384340247615e-17,6.705379254723178e-16,2.7376667951890538e-17,2.4414945230967536e-17,1.5622481730827177e-16,4.4806323578129405e-17,3.096699053496308e-16,6.123693249058467e-17,0.6202959050771216,2.5338734084443403e-15,3.58237530925492e-17,3.768892086410876e-17,2.042831610696861e-17,1.304857169256873e-16
0.024941406250000003,1.6994838488411368,14431.820177860614,-43843211.90411329,1834.9877353406998,0.1539854699137476,0.04521373388287148,0.03190284470490621,0.007218649353344076,0.01872577692571412,0.013280809387085377,0.2632769968961624,1.2091696703322719e-05,9.224134694210078e-07,0.0,0.0,0.0,0.0,0.0,0.0,5.040058446113216e-14,6.480387032752664e-14,0.0,0.0,0.0,0.0,0.0,0.0,0.0,0.0,0.0,0.0,0.0,0.0,0.0,0.0,3.177308615741914e-08,1.2184716091651628e-08,2.8049228891076805e-10,1.4338865538442318e-10,4.09929340126468e-08,1.7027012002826394e-05,1.4863783439267581e-09,6.056989658472908e-08,3.2524372442121547e-09,0.0,0.0,0.0,0.0,0.0,0.0,0.0,0.0,0.6203509970442942,2.1460741225127253e-15,0.0,0.0,0.0,0.0
0.024960937500000002,1.1394326972641913,14559.616378036091,-43843211.90411329,1843.0002779703518,0.1533162482000189,0.04527994335190594,0.03166704040532773,0.007179329838985884,0.018493458036475292,0.013389240065131836,0.26357337340088327,1.1827502173120589e-05,8.936170972293217e-07,0.0,0.0,0.0,0.0,0.0,0.0,5.013553251631875e-14,6.542610734955211e-14,0.0,0.0,0.0,0.0,0.0,0.0,0.0,0.0,0.0,0.0,0.0,0.0,0.0,0.0,3.141802406549116e-08,1.2141811726866535e-08,2.87357635803966e-10,1.4763898153453116e-10,4.095873464891959e-08,1.7438678682511843e-05,1.510940954893891e-09,6.051233625684216e-08,3.2826393487353136e-09,0.0,0.0,0.0,0.0,0.0,0.0,0.0,0.0,0.6203873048437362,2.1565005670365345e-15,0.0,0.0,0.0,0.0
0.024980468750000002,0.5712997233446608,14625.272917620643,-43843211.90411329,1847.0620464617405,0.15297911239016987,0.04531659709221074,0.03154819971520344,0.007159310367258887,0.018379115145211337,0.013443636994062062,0.2637174299779064,1.1696990288019794e-05,8.794254427450164e-07,1.5732619214628715e-16,4.682774555066094e-17,6.68317971377654e-17,1.4914402751242172e-17,4.3892419188829815e-16,1.8271721759311048e-16,5.6697768909102037e-14,6.641838449326792e-14,8.850073616655343e-17,2.1222457212342407e-16,3.6843224892705306e-17,8.953287485961708e-18,3.4106387732472605e-17,1.0163262728576439e-17,3.4438102459480574e-16,4.504977333411493e-17,1.2318252765267456e-16,1.865624642967647e-17,3.4120533478150763e-17,4.572588603740592e-17,1.7496266173901608e-16,2.0516642980841708e-17,3.1243011822232316e-08,1.2119723072529662e-08,2.9089090618797603e-10,1.498448756039746e-10,4.094041585580836e-08,1.765013282352981e-05,1.523501080030393e-09,6.048087836323523e-08,3.2978326279177617e-09,2.6187386719037718e-17,5.334436713914954e-16,1.4353366734806573e-17,1.3196387173623739e-17,1.0776724305739724e-16,2.4964472661294012e-17,2.5221390543982905e-16,3.767044569740591e-17,0.6204053341133656,2.501200959860267e-15,2.000990913222217e-17,2.0220489772986505e-17,1.122278524333259e-17,7.980538030129277e-17
0.025,-1.6556159053476818e-21,14625.272917620643,-43843211.90411329,1847.0620464617405,0.15297911239016998,0.04531659709221092,0.03154819971520364,0.007159310367259123,0.01837911514521157,0.013443636994062296,0.26371742997790654,1.1696990288260512e-05,8.79425442985744e-07,3.980578072833146e-16,2.8755892349803293e-16,3.075634073497028e-16,2.5564601948229046e-16,6.796553012142649e-16,4.2344892354372156e-16,5.693849894315162e-14,6.665911418863347e-14,3.2923211203682366e-16,4.529559082618737e-16,2.7757502748560854e-16,2.4968503137419484e-16,2.748373347872812e-16,2.508939322313002e-16,5.851120457084091e-16,2.857797505122014e-16,3.6391318636439006e-16,2.593869300666203e-16,2.748512323310893e-16,2.864542554309697e-16,4.1569337283005086e-16,2.6124729452716146e-16,3.124301206296354e-08,1.2119723313260329e-08,2.908911469185893e-10,1.4984511633743492e-10,4.094041609653788e-08,1.7650132823770515e-05,1.5235013207595032e-09,6.048087860396462e-08,3.297832868647303e-09,2.669173245338727e-16,7.741750463834664e-16,2.5508546430977116e-16,2.539246161639444e-16,3.4849733351454497e-16,2.656944984359031e-16,4.929440881578876e-16,2.7839955373314325e-16,0.6204053341133533,2.7419300449490305e-15,2.6074040220962873e-16,2.6095076703553397e-16,2.519529450902455e-16,3.205360205801488e-16
