grid,velocity,spread_rate,lambda,T,density,X_H2,X_H,X_O,X_O2,X_OH,X_H2O,X_HO2,X_H2O2,X_C,X_CH,X_CH2,X_CH2(S),X_CH3,X_CH4,X_CO,X_CO2,X_HCO,X_CH2O,X_CH2OH,X_CH3O,X_CH3OH,X_C2H,X_C2H2,X_C2H3,X_C2H4,X_C2H5,X_C2H6,X_HCCO,X_CH2CO,X_HCCOH,X_N,X_NH,X_NH2,X_NH3,X_NNH,X_NO,X_NO2,X_N2O,X_HNO,X_CN,X_HCN,X_H2CN,X_HCNN,X_HCNO,X_HOCN,X_HNCO,X_NCO,X_N2,X_AR,X_C3H7,X_C3H8,X_CH2CHO,X_CH3CHO
0.0,97.0,1.6531200716504722e-18,-14683696.659258626,293.15,0.9459003486606443,0.22720247295208643,6.723343391684532e-17,4.3493729052382014e-17,0.1622874806800617,0.0,0.0,0.0,0.0,0.0,0.0,1.0000235842357291e-18,0.0,0.0,5.267047685780126e-18,0.0,0.0,0.0,2.6940447169985198e-17,0.0,0.0,0.0,5.147134033353929e-17,0.0,0.0,7.441948984712693e-18,0.0,0.0,0.0,0.0,5.9445194101142795e-19,0.0,0.0,8.92024426989096e-18,0.0,0.0,0.0,0.0,0.0,1.8827151005085942e-18,1.5193834762287928e-18,1.2923830571568847e-17,0.0,0.0,0.0,0.0,9.766250070620066e-20,0.0,0.6105100463678517,0.0,4.657856046244084e-18,1.4061671476812603e-18,0.0,0.0
0.0025000000000000005,95.99977362646386,400.0905494145176,-14683696.659258626,293.15000000000055,0.9459003486606428,0.22720247295208648,4.2437991470482357e-19,0.0,0.16228748068006163,0.0,0.0,1.1161660888712256e-16,0.0,0.0,1.0920991305861354e-25,5.7108787052708935e-21,4.489266833795627e-26,0.0,5.280822743846411e-18,4.066968669131063e-17,4.440840746849285e-19,4.274997818260614e-20,2.1407035943124455e-17,1.256942974761556e-24,0.0,0.0,7.923503059021688e-21,0.0,1.1265420813024914e-24,7.004912504016579e-18,0.0,0.0,1.063101823671801e-23,7.609672691332254e-22,6.028261686554447e-19,0.0,0.0,8.924760077326972e-18,0.0,1.182691741263828e-25,0.0,0.0,3.448322671349995e-22,1.8951450542318942e-18,6.666673260628942e-22,1.2934523595453834e-17,0.0,7.139997424195232e-25,8.978962378493335e-22,7.762079819414504e-22,1.087861007566124e-19,1.530007701536042e-18,0.6105100463678518,1.0958591641755373e-21,4.6649794957418954e-18,1.4132615691948853e-18,1.253170255759321e-22,0.0
0.005000000000000001,92.99909450585545,800.1810988288523,-14683696.659258626,293.1500000000005,0.9459003486606429,0.22720247295208648,0.0,0.0,0.16228748068006163,0.0,0.0,1.0475454724205296e-16,0.0,0.0,0.0,1.0647026307639259e-23,0.0,0.0,5.277590290171235e-18,4.0677333445501184e-17,4.426379084982632e-19,2.790660998242494e-23,1.648357475822839e-17,0.0,0.0,0.0,8.177915536155586e-25,0.0,0.0,6.6166756595906226e-18,0.0,0.0,0.0,0.0,6.008660210879438e-19,0.0,0.0,8.903297356333146e-18,0.0,0.0,0.0,0.0,0.0,1.891963350047768e-18,0.0,1.2932286976941179e-17,0.0,0.0,0.0,0.0,1.0788941163521251e-19,1.5239989842618396e-18,0.6105100463678518,0.0,4.663311553019451e-18,1.4116028046147934e-18,0.0,0.0
0.006250000000000001,90.74858516539943,1000.2263735359489,-14683696.659258626,293.1500000000005,0.9459003486606429,0.22720247295208648,0.0,0.0,0.16228748068006163,0.0,0.0,1.012471910589343e-16,0.0,0.0,0.0,0.0,0.0,0.0,5.271651242397571e-18,4.0609934354459697e-17,4.354029579397152e-19,0.0,1.418669454493686e-17,0.0,0.0,0.0,0.0,0.0,0.0,6.432395302315421e-18,0.0,0.0,0.0,0.0,5.972577739375191e-19,0.0,0.0,8.885900433060167e-18,0.0,0.0,0.0,0.0,0.0,1.8863899370490085e-18,0.0,1.2928169364200101e-17,0.0,0.0,0.0,0.0,1.0438723553208266e-19,1.5135670610319657e-18,0.6105100463678518,0.0,4.660241514576046e-18,1.4085470722667298e-18,0.0,0.0
0.0075000000000000015,87.99796263817579,1200.2716482429569,-14683696.659258626,293.15000000000043,0.9459003486606431,0.22720247295208648,0.0,0.0,0.16228748068006166,0.0,0.0,9.841035906422291e-17,0.0,1.301205245419352e-23,3.251220299045673e-24,2.3576229381260285e-22,1.3341523121258111e-24,0.0,5.291389842288031e-18,4.0831191296118045e-17,4.594478171938972e-19,1.5067591745741345e-22,1.2108615081335494e-17,3.7344757067451285e-23,0.0,0.0,4.213017873871659e-24,0.0,3.348132852601963e-23,6.279768996779296e-18,0.0,0.0,3.131439309494745e-22,7.19203533598365e-21,6.092553904613924e-19,0.0,0.0,8.906704488229427e-18,0.0,3.5197447236337504e-24,0.0,0.0,7.814458605988898e-21,1.9046681672934392e-18,1.459084657257118e-23,1.2941861331992638e-17,0.0,2.1243407660645315e-23,8.399403355766067e-21,8.277715099859542e-21,1.1913054871609756e-19,1.5451509075201358e-18,0.6105100463678518,1.0628842663975702e-20,4.670447556702061e-18,1.4187101526154069e-18,3.166689083064464e-21,0.0
0.00875,84.74722692418477,1400.3169229498565,-14683696.659258626,293.15000000000043,0.9459003486606431,0.22720247295208648,0.0,0.0,0.16228748068006166,0.0,0.0,9.533588326772955e-17,0.0,0.0,0.0,0.0,0.0,0.0,5.27851546814011e-18,4.069064462510221e-17,4.438513195960623e-19,0.0,1.0092640898824386e-17,0.0,0.0,0.0,0.0,0.0,0.0,6.1132247543688594e-18,0.0,0.0,0.0,0.0,6.014337402561122e-19,0.0,0.0,8.878313843876137e-18,0.0,0.0,0.0,0.0,0.0,1.892693721602519e-18,0.0,1.2932934979319372e-17,0.0,0.0,0.0,0.0,1.1076670219140695e-19,1.5233233504947663e-18,0.6105100463678518,0.0,4.663793307418579e-18,1.4120858512868026e-18,0.0,0.0
0.010000000000000002,80.99637802342666,1600.362197656627,-14683696.659258626,293.15000000000043,0.9459003486606431,0.22720247295208648,0.0,0.0,0.16228748068006166,0.0,0.0,9.269075161408926e-17,0.0,9.059152126217422e-26,2.334005628437706e-26,3.286820856489105e-25,9.60863529405858e-27,0.0,5.278667248842079e-18,4.068988509426424e-17,4.439770375957205e-19,0.0,8.23076767520099e-18,2.1234293576886564e-25,0.0,0.0,2.981896959588346e-26,0.0,1.9848744189715474e-25,5.965519186625438e-18,0.0,0.0,0.0,0.0,6.015280871944325e-19,0.0,0.0,8.869039271952142e-18,0.0,2.5091618589963597e-26,0.0,0.0,0.0,1.8928177247394784e-18,9.895275339472158e-26,1.2933042648283041e-17,0.0,1.430971609403345e-25,0.0,0.0,1.1167402347855908e-19,1.5227712628896914e-18,0.6105100463678518,0.0,4.663873081335799e-18,1.4121665758670787e-18,0.0,0.0
0.011250000000000001,76.74541593590183,1800.4074723632434,-14683696.659258626,293.15000000000043,0.9459003486606431,0.22720247295208648,0.0,0.0,0.16228748068006166,0.0,0.0,9.027381345936588e-17,0.0,1.3939690372746058e-25,3.4816874262495435e-26,2.5388476250689933e-24,1.4286666550381026e-26,0.0,5.2789059649305504e-18,4.069229315410513e-17,4.442729703822964e-19,1.3102917570283571e-24,6.481471320672473e-18,4.0085467610638766e-25,0.0,0.0,4.5124643563322934e-26,0.0,3.592640267305074e-25,5.826323812683296e-18,0.0,0.0,3.371229206439648e-24,0.0,6.016753990829312e-19,0.0,0.0,8.859379582160054e-18,0.0,3.7695406537958535e-26,0.0,0.0,0.0,1.8930292161372538e-18,1.5635788386589687e-25,1.2933210765406335e-17,0.0,2.276651214067836e-25,0.0,0.0,1.1268686075039105e-19,1.5223274321926064e-18,0.6105100463678518,0.0,4.6639978516828494e-18,1.4122922113708725e-18,0.0,0.0
0.0125,71.99434066161068,2000.4527470696787,-14683696.659258626,293.1500000000004,0.9459003486606433,0.22720247295208648,0.0,0.0,0.16228748068006166,0.0,0.0,8.805062926648307e-17,0.0,0.0,0.0,0.0,0.0,0.0,5.278869699820575e-18,4.0691923248648635e-17,4.4423451197981795e-19,0.0,4.832102978790576e-18,0.0,0.0,0.0,0.0,0.0,0.0,5.694481597800799e-18,0.0,0.0,0.0,0.0,6.016556786164671e-19,0.0,0.0,8.848659913249049e-18,0.0,0.0,0.0,0.0,0.0,1.8929901982220475e-18,0.0,1.2933188277858626e-17,0.0,0.0,0.0,0.0,1.1355950600597418e-19,1.5213788563184558e-18,0.6105100463678518,0.0,4.663980440311703e-18,1.4122764088531568e-18,0.0,0.0
0.013125000000000001,69.43126057942784,2100.4753844228444,-14683696.659258626,293.1500000000004,0.9459003486606433,0.22720247295208648,0.0,0.0,0.16228748068006166,0.0,0.0,8.699274997234092e-17,0.0,4.132080409428761e-25,1.0325808400990071e-25,7.46276782079056e-24,4.23729736092299e-26,0.0,5.279265288554041e-18,4.0696350025752585e-17,4.447180592952467e-19,4.741128380470404e-24,4.0323356389372904e-18,1.185035087367421e-24,0.0,0.0,1.3379671922219216e-25,0.0,1.0625886059104616e-24,5.630667702869796e-18,0.0,0.0,9.90095885980017e-24,0.0,6.018972774587773e-19,0.0,0.0,8.843726447549503e-18,0.0,1.1178289666459947e-25,0.0,0.0,0.0,1.8933556355656303e-18,4.63295359422652e-25,1.2933464008758044e-17,0.0,6.745126727424385e-25,0.0,0.0,1.1430573993148342e-19,1.521565476414979e-18,0.6105100463678518,0.0,4.664185627919583e-18,1.4124815147503748e-18,9.462645711466626e-23,0.0
0.01375,66.7431522005536,2200.498021775953,-14683696.659258626,293.1500000000004,0.9459003486606433,0.22720247295208648,0.0,0.0,0.16228748068006166,0.0,0.0,8.598090824956059e-17,0.0,4.996080578029578e-25,1.2478409447487823e-25,9.14402504509681e-24,5.1203547552246614e-26,0.0,5.2797613423287706e-18,4.070205052513262e-17,4.453278963796597e-19,5.950032267322854e-24,3.2555641075934157e-18,1.4372124395319172e-24,0.0,0.0,1.6172832187798438e-25,0.0,1.2879608965569456e-24,5.5686437869867246e-18,0.0,0.0,1.2190335558552407e-23,1.3490946021129279e-22,6.022002954317924e-19,0.0,0.0,8.838723263932632e-18,0.0,1.3510236681456152e-25,0.0,0.0,0.0,1.8938152196955406e-18,5.604110548628985e-25,1.2933809755088198e-17,0.0,8.159925874495453e-25,1.6755223936760504e-22,4.586398345994615e-23,1.1514225457833065e-19,1.5218991395015021e-18,0.6105100463678518,1.6752503065261373e-22,4.664443104195374e-18,1.412738726761315e-18,1.4394729907036035e-22,0.0
0.014374999999999999,63.93001552498801,2300.5206591290003,-14683696.659258626,293.1500000000004,0.9459003486606433,0.22720247295208648,0.0,0.0,0.16228748068006166,0.0,0.0,8.497683493933611e-17,0.0,0.0,0.0,0.0,0.0,0.0,5.278137275263379e-18,4.068411556498382e-17,4.433575566184692e-19,0.0,2.4952651113430274e-18,0.0,0.0,0.0,0.0,0.0,0.0,5.50661946311512e-18,0.0,0.0,0.0,0.0,6.012145606020658e-19,0.0,0.0,8.830296111605493e-18,0.0,0.0,0.0,0.0,0.0,1.8923077494123618e-18,0.0,1.293268483433491e-17,0.0,0.0,0.0,0.0,1.1449529320328417e-19,1.5187406438469415e-18,0.6105100463678518,0.0,4.663604138857324e-18,1.4119042777590161e-18,0.0,0.0
0.015,60.99185055273114,2400.5432964819806,-14683696.659258626,293.1500000000004,0.9459003486606433,0.22720247295208648,0.0,0.0,0.16228748068006166,0.0,0.0,8.403298683192096e-17,0.0,0.0,0.0,0.0,0.0,0.0,5.278089472389492e-18,4.0683110771849407e-17,4.432897246051297e-19,0.0,1.758970700089789e-18,0.0,0.0,0.0,0.0,0.0,0.0,5.447250905703703e-18,0.0,0.0,0.0,0.0,6.011866857359966e-19,0.0,0.0,8.823947842174846e-18,0.0,0.0,0.0,0.0,0.0,1.8922636297768168e-18,0.0,1.293265308009569e-17,0.0,0.0,0.0,0.0,1.149898821585979e-19,1.5181369270933194e-18,0.6105100463678518,0.0,4.66357997087901e-18,1.411881159935503e-18,0.0,0.0
0.01625,54.740435718144106,2600.588571187641,-14683696.659258626,293.1500000000004,0.9459003486606433,0.22720247295208648,0.0,0.0,0.16228748068006166,0.0,0.0,8.23502836336026e-17,0.0,1.812376971669228e-24,4.527295992414175e-25,3.3053069503163467e-23,1.8577450158862882e-25,0.0,5.2825042734061025e-18,4.0733357271201443e-17,4.48688977430099e-19,2.1402980522986886e-23,3.707803604104709e-19,5.209328308434391e-24,0.0,0.0,5.86728386294643e-25,0.0,4.669080825368542e-24,5.337580014045565e-18,0.0,0.0,4.4008219544240426e-23,1.8082656709544596e-21,6.038731639071411e-19,0.0,0.0,8.81658776534534e-18,0.0,4.901498664349573e-25,0.0,0.0,1.5611493284310141e-21,1.8963633658060443e-18,2.032707134717039e-24,1.2935718868229096e-17,0.0,2.9596595045558715e-24,2.1194014832078177e-21,1.9977132272948266e-21,1.1930270469000287e-19,1.5241994120109912e-18,0.6105100463678518,2.6478917966832964e-21,4.665864479983666e-18,1.4141579603437992e-18,4.977974276206218e-22,0.0
0.0175,47.98890769679337,2800.6338458929404,-14683696.659258626,293.1500000000004,0.9459003486606433,0.22720247295208648,0.0,0.0,0.16228748068006166,0.0,0.0,8.063729569412541e-17,0.0,0.0,0.0,0.0,0.0,0.0,5.278449997461e-18,4.0687932396315307e-17,4.437558931056932e-19,0.0,0.0,0.0,0.0,0.0,0.0,0.0,0.0,5.22609111898237e-18,0.0,0.0,0.0,0.0,6.014124798528525e-19,0.0,0.0,8.794609184978557e-18,0.0,0.0,0.0,0.0,0.0,1.8926042229303637e-18,0.0,1.2932910770391212e-17,0.0,0.0,0.0,0.0,1.1776775929999863e-19,1.5162328892250403e-18,0.6105100463678518,0.0,4.663769966894899e-18,1.4120749870075626e-18,0.0,0.0
0.018125000000000002,44.42560124108185,2900.6564832454815,-14683696.659258626,293.1500000000004,0.9459003486606433,0.22720247295208648,0.0,0.0,0.16228748068006166,0.0,0.0,7.984706750374741e-17,0.0,4.950687598939535e-25,1.2382329453020153e-25,8.735773895018507e-24,5.0816895648664127e-26,0.0,5.2791884593139424e-18,4.069575761969046e-17,4.446498707013119e-19,5.264894807279185e-24,0.0,1.4124357927160219e-24,0.0,0.0,1.6037862107263154e-25,0.0,1.2677505461323406e-24,5.1735125204783564e-18,0.0,0.0,1.148731061072783e-23,0.0,6.018638802388846e-19,0.0,0.0,8.787131918776102e-18,0.0,1.3401915765274678e-25,0.0,0.0,0.0,1.8932918712985114e-18,5.546737083072557e-25,1.2933425750136285e-17,0.0,8.0739951219442355e-25,0.0,0.0,1.1901565937219342e-19,1.5167258517800072e-18,0.6105100463678518,0.0,4.6641534884276106e-18,1.4124582148024776e-18,5.659006338641928e-23,0.0
0.018750000000000003,40.73726648867974,3000.679120597901,-14683696.659258626,293.1500000000004,0.9459003486606433,0.22720247295208648,0.0,0.0,0.16228748068006166,0.0,0.0,7.902530336605385e-17,0.0,0.0,0.0,0.0,0.0,0.0,5.276521968469711e-18,4.06657366438163e-17,4.414038045975027e-19,0.0,0.0,0.0,0.0,0.0,0.0,0.0,0.0,5.1193316311791725e-18,0.0,0.0,0.0,0.0,6.002447516765328e-19,0.0,0.0,8.773792345354965e-18,0.0,0.0,0.0,0.0,0.0,1.8908194092895444e-18,0.0,1.2931578147494719e-17,0.0,0.0,0.0,0.0,1.179102649366932e-19,1.5115797650285902e-18,0.6105100463678518,0.0,4.6627752533727614e-18,1.4110874242770475e-18,0.0,0.0
0.019375000000000003,36.92390343958718,3100.7017579501835,-14683696.659258626,293.1500000000004,0.9459003486606433,0.22720247295208648,0.0,0.0,0.16228748068006166,0.0,0.0,7.82875083205323e-17,0.0,8.27956492928064e-25,2.0696752207146754e-25,1.482710081676032e-23,8.493410355895432e-26,0.0,5.278006717722904e-18,4.0681959766951027e-17,4.432115975749833e-19,9.210099989548464e-24,0.0,2.370000182934813e-24,0.0,0.0,2.6813848610073867e-25,0.0,2.125881309208125e-24,5.069221420565544e-18,0.0,0.0,1.96073200374157e-23,0.0,6.011521200014231e-19,0.0,0.0,8.765708742580949e-18,0.0,2.2403838555725074e-25,0.0,0.0,0.0,1.892200922904094e-18,9.280716368093256e-25,1.2932612985480878e-17,0.0,1.3510876866981103e-24,0.0,0.0,1.19832768488371e-19,1.5131568659209698e-18,0.6105100463678518,0.0,4.663546912705144e-18,1.4118574291709474e-18,1.4975891922294908e-22,0.0
0.020000000000000004,32.98551209380437,3200.72439530231,-14683696.659258626,293.1500000000004,0.9459003486606433,0.22720247295208648,0.0,0.0,0.16228748068006166,0.0,0.0,7.739072752979014e-17,0.0,0.0,0.0,0.0,0.0,0.0,5.268700062369408e-18,4.0576518998895695e-17,4.3185460084530455e-19,0.0,0.0,0.0,0.0,0.0,0.0,0.0,0.0,5.01141742962102e-18,0.0,0.0,0.0,0.0,5.954944743368594e-19,0.0,0.0,8.74027469446598e-18,0.0,0.0,0.0,0.0,0.0,1.883565515605127e-18,0.0,1.2926157427355226e-17,0.0,0.0,0.0,0.0,1.141893394854633e-19,1.4969556186082877e-18,0.6105100463678518,0.0,4.658732185935508e-18,1.4070653577462386e-18,0.0,0.0
0.020625000000000004,28.92209245133151,3300.747032654256,-14683696.659258626,293.1500000000004,0.9459003486606433,0.22720247295208648,0.0,0.0,0.16228748068006166,0.0,0.0,7.679111223716676e-17,0.0,3.6803312092007e-24,9.196370186906007e-25,6.656542235091184e-23,3.773797884549331e-25,0.0,5.2771345455197305e-18,4.0670624991621307e-17,4.421285086726626e-19,4.230626614621139e-23,0.0,1.0558470630739938e-23,0.0,0.0,1.1916541254770468e-24,0.0,9.46686998901408e-24,4.967984696539008e-18,0.0,0.0,8.835569424813314e-23,0.0,6.00625401897782e-19,0.0,1.4903710668724697e-21,8.739798416318281e-18,0.0,9.95577557016115e-25,0.0,0.0,0.0,1.8913976318666575e-18,4.126653244845875e-24,1.2932012451959165e-17,0.0,6.008076519734976e-24,0.0,0.0,1.2127387700566496e-19,1.5096802257793326e-18,0.6105100463678518,0.0,4.663096488138716e-18,1.411412957276713e-18,8.526713917354503e-22,0.0
0.021250000000000005,24.73364451216885,3400.7696700059905,-14683696.659258626,293.1500000000004,0.9459003486606433,0.22720247295208648,0.0,0.0,0.16228748068006166,0.0,0.0,7.607952047980289e-17,0.0,0.0,0.0,0.0,0.0,0.0,5.2770426148615426e-18,4.067113106481186e-17,4.420730474210102e-19,3.009706022292653e-25,0.0,0.0,0.0,0.0,0.0,0.0,0.0,4.919052649972342e-18,0.0,0.0,0.0,0.0,6.005870963674779e-19,0.0,6.8589769276281955e-22,8.724312543429347e-18,0.0,0.0,0.0,0.0,0.0,1.8913208828773363e-18,0.0,1.2931965239944254e-17,0.0,0.0,0.0,0.0,1.2250579675167174e-19,1.508290076230764e-18,0.6105100463678518,0.0,4.66306545126318e-18,1.4113846892840951e-18,9.517439296719658e-23,0.0
0.021562500000000005,22.592534931328917,3450.780988681794,-14683696.659258626,293.1500000000003,0.9459003486606434,0.22720247295208648,0.0,0.0,0.16228748068006166,0.0,0.0,7.550691739896741e-17,0.0,0.0,0.0,0.0,0.0,0.0,5.263538892899891e-18,4.0518782254075103e-17,4.2554832640236664e-19,0.0,0.0,0.0,0.0,0.0,0.0,0.0,0.0,4.884137972972671e-18,0.0,0.0,0.0,0.0,5.923398883319223e-19,0.0,0.0,8.695850823996631e-18,0.0,0.0,0.0,0.0,0.0,1.8787789284606487e-18,0.0,1.2922563909568397e-17,0.0,0.0,0.0,0.0,1.1358572589714168e-19,1.4854054887997475e-18,0.6105100463678518,0.0,4.656040412757611e-18,1.4043911971910499e-18,0.0,0.0
0.021875000000000006,20.420168276316627,3500.7923073575275,-14683696.659258626,293.1500000000004,0.9459003486606433,0.22720247295208648,3.358950530605492e-21,0.0,0.16228748068006166,5.816243148889426e-20,0.0,7.575118152337312e-17,0.0,2.3288385574319837e-23,5.818904135589636e-24,4.219415954789233e-22,2.3878148752466516e-24,0.0,5.301144155743587e-18,4.094079874440654e-17,4.715114071284238e-19,2.6985652530402273e-22,0.0,6.683860931035447e-23,0.0,0.0,7.540301984712153e-24,0.0,5.992380159899303e-23,4.8889292400909604e-18,0.0,0.0,5.604212796139914e-22,1.324189893455641e-20,6.153035118526173e-19,0.0,2.833631623577471e-20,8.742602385025086e-18,0.0,6.299505141568919e-24,0.0,0.0,1.481766158134717e-20,1.913712102338102e-18,2.6114110618902462e-23,1.2948743525493676e-17,0.0,3.8020476937292185e-23,1.543177240046122e-20,1.5310084144578478e-20,1.4113941479934416e-19,1.5464114753455827e-18,0.6105100463678518,1.9507546007702034e-20,4.675596503194647e-18,1.4238649187827058e-18,5.693724332854451e-21,0.0
0.022187500000000006,18.216544547132028,3550.803626033182,-14683696.659258626,293.1500000000003,0.9459003486606434,0.22720247295208648,0.0,0.0,0.16228748068006166,0.0,0.0,7.409853741957238e-17,0.0,0.0,0.0,0.0,0.0,0.0,5.21954486672207e-18,4.002210862500891e-17,3.706963824082604e-19,0.0,0.0,0.0,0.0,0.0,0.0,0.0,0.0,4.800802242611901e-18,0.0,0.0,0.0,0.0,5.647400114218464e-19,0.0,0.0,8.613008778115001e-18,0.0,0.0,0.0,0.0,0.0,1.8377135538199153e-18,0.0,1.2891282844142716e-17,0.0,0.0,0.0,0.0,8.32509905790502e-20,1.4100572343443614e-18,0.6105100463678518,0.0,4.632386690337921e-18,1.3808387267917266e-18,0.0,0.0
0.022500000000000003,15.981663743775208,3600.8149447087458,-14683696.659258626,293.1500000000005,0.9459003486606429,0.22720247295208648,7.117437351122425e-20,0.0,0.16228748068006166,2.2777803014892455e-18,0.0,8.791822417800493e-17,0.0,4.1773440135862956e-22,1.0435726640548351e-22,7.604748610238609e-21,4.282266866840975e-23,0.0,6.071066582339572e-18,4.9696105518225764e-17,1.4169557771752941e-18,4.9201726941407635e-21,0.0,1.2002172515198192e-21,0.0,0.0,1.3524073425012402e-22,0.0,1.0758259134517086e-21,5.46249710129702e-18,3.049406411671305e-19,0.0,1.01185313596517e-20,4.850734367460878e-19,1.0869976342395063e-18,0.0,7.262197943366189e-19,9.861484893479083e-18,0.0,1.1298125082835973e-22,0.0,0.0,5.617253752614859e-19,2.6293313640653523e-18,4.684925759129027e-22,1.3486105662710281e-17,0.0,6.821212271910635e-22,5.646394126418287e-19,5.645177243859217e-19,6.929938551147586e-19,2.812349400007266e-18,0.6105100463678518,7.146838167895441e-19,5.077622633335916e-18,1.824176949487884e-18,1.130540214294052e-19,2.841639390312362e-19
0.0228125,13.715525866246143,3650.8262633842055,-14683696.659258626,293.14999999999986,0.9459003486606454,0.22720247295208607,0.0,0.0,0.1622874806800618,0.0,0.0,3.4814331342006914e-17,0.0,0.0,0.0,0.0,0.0,0.0,2.8846690768395036e-18,1.3498158351755606e-17,0.0,0.0,0.0,0.0,0.0,0.0,0.0,0.0,0.0,2.8822177737793424e-18,0.0,0.0,0.0,0.0,0.0,0.0,0.0,5.14647629978888e-18,0.0,0.0,0.0,0.0,0.0,0.0,0.0,1.1255879444176261e-17,0.0,0.0,0.0,0.0,0.0,0.0,0.610510046367852,0.0,3.406361631714262e-18,1.6002524668827753e-19,0.0,0.0
0.023125,11.418130914544756,3700.837582059536,-14683696.659258626,293.1500000000027,0.9459003486606624,0.2272024729520629,8.197952359317025e-19,5.364811855473937e-17,0.1622874806800664,2.946261448097334e-17,8.1045896576419e-18,2.601821368434286e-16,8.340765652352998e-18,4.679087242318782e-21,1.1688629579037943e-21,8.528712098071065e-20,4.796370682442957e-22,2.025118447474079e-17,1.6193204857739413e-17,1.6527333351533445e-16,1.3872152326624237e-17,5.536912742942264e-20,2.125816541442324e-17,1.3447713851267469e-20,5.04878011127309e-18,3.68015895191608e-18,1.5148120873929726e-21,6.3094070730916454e-18,1.2053302978154121e-20,1.3794716787975854e-17,6.178819219347561e-18,3.191377313885418e-18,1.1352894929380764e-19,6.700688333862713e-18,7.300799045297693e-18,9.558407088268176e-18,9.014415149926721e-18,2.478630225978654e-17,9.913035756184212e-18,1.265471683756906e-21,0.0,5.92253766848296e-18,7.762762065357762e-18,1.2041090221786475e-17,5.247858681242861e-21,2.056193300716919e-17,5.0331557959046796e-18,7.640895952610543e-21,7.795847984720437e-18,7.795726296463702e-18,7.940313720170761e-18,1.9499952672704177e-17,0.6105100463678703,9.858767118912287e-18,1.0376085012749636e-17,7.100063611406003e-18,1.3017904775846334e-18,6.444015808065236e-18
0.02328125,10.25771203587417,3725.8432413970363,-14683696.659258626,293.1500000000003,0.9459003486611415,0.22720247295164034,0.0,0.0,0.16228748068015664,0.0,0.0,6.879050949054852e-17,0.0,0.0,0.0,0.0,0.0,0.0,3.6699509563118205e-18,2.5476283974960038e-17,0.0,0.0,0.0,0.0,0.0,0.0,0.0,0.0,0.0,4.481623755036663e-18,0.0,0.0,0.0,0.0,0.0,0.0,0.0,6.15213914837217e-18,0.0,0.0,0.0,0.0,0.0,4.057625257768887e-19,0.0,1.1835055079024822e-17,0.0,0.0,0.0,0.0,0.0,0.0,0.610510046368203,0.0,3.8530799665966314e-18,6.050116565050526e-19,0.0,0.0
0.0234375,9.089478888559416,3750.8489007314047,-14683696.659258626,293.15000000000384,0.9459003486716199,0.22720247294224094,0.0,0.0,0.16228748068215654,0.0,0.0,5.918742729159475e-17,0.0,0.0,0.0,0.0,0.0,0.0,3.691951788597442e-18,2.278040734699399e-17,0.0,0.0,0.0,0.0,0.0,0.0,0.0,0.0,0.0,4.257842082001034e-18,0.0,0.0,0.0,0.0,0.0,0.0,0.0,6.2425197120211604e-18,0.0,0.0,0.0,0.0,0.0,4.202902540749258e-19,0.0,1.1832576357546668e-17,0.0,0.0,0.0,0.0,0.0,0.0,0.6105100463756024,0.0,3.843932418080378e-18,5.958141871228582e-19,0.0,0.0
0.02359375,7.913431470954696,3775.854560001295,-14683696.659258626,293.15000000015095,0.9459003488791036,0.2272024727558993,2.8615851095148907e-19,1.1746488068415587e-17,0.1622874807218044,4.2395455895477365e-18,1.172100942391423e-16,1.3169705625139888e-16,1.205946425930896e-18,1.81872298397326e-21,4.5428638526846125e-22,3.319631936823207e-20,1.8641043131696046e-22,3.8368386507965074e-18,8.066402014163704e-18,7.178498505879064e-17,3.680486458047404e-18,2.1228392653824922e-20,3.0362581476605233e-19,5.227690906619963e-21,0.0,0.0,5.8874200773552475e-22,0.0,4.685561324179218e-21,7.471348742328889e-18,8.716022902022995e-19,0.0,4.422314300479674e-20,1.5807686526890917e-18,2.182374691534027e-18,0.0,1.603251570694625e-18,1.3084277520352587e-17,1.9057896840896162e-18,4.9183293016618485e-22,0.0,0.0,1.8700909345561108e-18,4.450080088249811e-18,2.039796061739481e-21,1.4766633660374757e-17,0.0,2.970116080785529e-21,1.8796710223442964e-18,1.879549345485154e-18,2.0270481303486875e-18,5.833299796538869e-18,0.610510046522296,2.4708006823054483e-18,5.984574105234344e-18,2.7266057732440378e-18,4.637151353589967e-19,1.3681910243623345e-18
0.023671875000000002,7.3224774013338605,3788.3573893050875,-14683696.659258626,293.15000000208585,0.9459003502549432,0.22720247151748066,1.937719634679693e-18,1.9763097275807448e-16,0.16228748098530218,5.085722816077254e-17,2.4383516628405974e-15,4.067430552197346e-16,2.133770569719543e-17,1.1825666779239159e-20,2.9547466617226746e-21,2.144166575844882e-19,1.2124972629285628e-21,2.778003748047859e-17,1.9922579647556228e-17,2.0605103035556629e-16,1.864077092758801e-17,1.3756398247299764e-19,3.0052391003628925e-17,3.394897074908877e-20,8.010708323145146e-18,6.399403870238025e-18,3.828941041404155e-21,9.28957022301991e-18,3.0435148405226696e-20,1.690749797984256e-17,8.564301215317833e-18,5.8356067366393265e-18,2.848218613063228e-19,9.144669559722897e-18,9.74408794972919e-18,1.4160241167776336e-17,1.4359628832295904e-17,2.982348779657985e-17,1.3658836176324325e-17,3.1988311435232958e-21,0.0,8.978967981548876e-18,1.0548135817134845e-17,1.5549826298370595e-17,1.3261152680472759e-20,2.3304898530873494e-17,7.752529276554726e-18,1.9307160092866214e-20,1.0591488616500077e-17,1.0591366941616603e-17,1.074703227934097e-17,2.5937029619488047e-17,0.6105100474972137,1.3283156782070506e-17,1.2491393295928285e-17,9.207155703396285e-18,2.9644672813804536e-18,8.868263520975159e-18
0.023828125,6.134708343828837,3813.3630350560143,-14683696.659258626,293.1500000969501,0.9459003841525438,0.2272024408691302,0.0,5.115849511562335e-15,0.16228748750631353,4.1333887521125176e-16,1.5814763523861093e-13,5.154508777967128e-15,6.119064723608039e-16,0.0,0.0,0.0,0.0,0.0,0.0,0.0,0.0,0.0,0.0,0.0,0.0,0.0,0.0,0.0,0.0,0.0,0.0,0.0,0.0,0.0,0.0,0.0,0.0,0.0,0.0,0.0,0.0,0.0,0.0,0.0,0.0,0.0,0.0,0.0,0.0,0.0,0.0,0.0,0.610510071624387,0.0,0.0,0.0,0.0,0.0
0.02390625,5.5378924987000575,3825.8658109166713,-14683696.659258626,293.15000108028937,0.9459005610448626,0.2272022795203958,7.011411606777797e-17,6.116006402993099e-14,0.16228752183575101,1.1397043640415546e-14,2.384392145092641e-12,9.516780654207108e-14,1.117236372163288e-14,7.472795578464606e-20,1.8674759454772772e-20,1.3490297261943284e-18,7.663473353882543e-21,5.942798903637177e-17,3.5550106517208407e-17,3.629862869060639e-16,3.8027296469997355e-17,8.574338968643126e-19,5.821716088951996e-17,2.1433663263657588e-19,2.5276649656969376e-17,1.7201147115257836e-17,2.4198297350127255e-20,2.1602110176870844e-17,1.9218417104861339e-19,2.3273938564858924e-17,2.4869766414533616e-17,1.66596925863611e-17,1.788776010506224e-18,1.9163185920821295e-17,1.975990453046209e-17,3.416269545000855e-17,6.016682408927981e-17,5.188382461264908e-17,2.901844790909449e-17,2.0216800737955926e-20,0.0,2.174466598037622e-17,2.2029395385333945e-17,3.019794600675268e-17,8.3789201084267e-20,3.460256079018492e-17,1.894924535925885e-17,1.2198385376976002e-19,2.211654623326741e-17,2.211642436196348e-17,2.219602336278734e-17,5.256183714802412e-17,0.6105101986412891,2.755297784052113e-17,2.1119211705308515e-17,1.7800321096322576e-17,1.7107433197705857e-17,1.880307466191434e-17
0.023984375000000002,4.939117722517447,3838.3682479931126,-14683696.659258626,293.1500137376753,0.9459017328720871,0.22720119288977375,1.0526703770060957e-15,7.61690099842835e-13,0.16228775302415818,2.041670366809733e-13,4.154986722308596e-11,1.6916567126744063e-12,2.121328431571373e-13,0.0,0.0,0.0,0.0,0.0,0.0,0.0,0.0,0.0,0.0,0.0,0.0,0.0,0.0,0.0,0.0,0.0,0.0,0.0,0.0,0.0,0.0,0.0,0.0,0.0,0.0,0.0,0.0,0.0,0.0,0.0,0.0,0.0,0.0,0.0,0.0,0.0,0.0,0.0,0.6105110540416475,0.0,0.0,0.0,0.0,0.0
0.0240625,4.338362057272714,3850.8684874391934,-14683696.659258626,293.15016041524547,0.9459086744421733,0.22719454853067897,1.7947281070519153e-14,8.750786566136053e-12,0.1622891665134979,3.4627484281600713e-12,6.601679182330163e-10,2.7433596943328164e-11,3.678768991998208e-12,4.3070859868234423e-20,1.0766218416650119e-20,7.729149323275058e-19,4.418268723560341e-21,0.0,5.652765652844251e-18,2.3481958433173915e-17,0.0,4.872083159206607e-19,0.0,1.2336431249455005e-19,6.889274805349913e-18,0.0,1.39489261995804e-20,0.0,1.1064383817297058e-19,0.0,6.8760443304035074e-18,0.0,1.022687054723867e-18,0.0,0.0,4.287101859883532e-18,3.158780633150876e-17,1.3026943296465886e-17,0.0,1.1655791784157459e-20,3.6990186597570425e-16,4.686749438391223e-17,0.0,4.22449230421448e-18,4.828432373345503e-20,1.197631148885689e-17,0.0,7.029218024057633e-20,0.0,0.0,0.0,0.0,0.6105162842523109,0.0,3.354699491613661e-18,9.996043681231914e-20,8.921756782937715e-18,0.0
0.024140625,3.7355351930613216,3863.3567904650017,-14683696.659258626,293.15167125704914,0.9459445239094507,0.22715805338198536,2.8040816232307515e-13,8.967176251643172e-11,0.1622969282587005,5.4345713873627106e-11,9.31379253406291e-09,3.902624639774356e-10,5.659977731064947e-11,3.5113338699170385e-20,8.771397984115345e-21,6.431965972896788e-19,3.599545801825054e-21,1.04790718168157e-16,5.797731940563371e-17,6.462697919494071e-16,7.010249462563436e-17,4.219812728377502e-19,1.2695953744818503e-16,1.0105916343730776e-19,4.23530530662856e-17,3.542481192172528e-17,1.13679223426051e-20,4.099480133195616e-17,9.055379410374363e-20,4.3162149397498156e-17,4.136421971286146e-17,3.429074204078968e-17,8.571062004184653e-19,3.5813665109310135e-17,3.6404745852205234e-17,1.2269064987933318e-16,6.547768925106284e-17,8.079262505284981e-17,5.171532941048997e-17,9.516418258324913e-21,6.758697337384068e-15,9.432682356632243e-16,4.5412349127215816e-17,8.784747441752467e-17,3.938856927420464e-20,5.2778260435680085e-17,3.7002100423717975e-17,5.735704299042359e-20,4.05448458087079e-17,4.054361480275823e-17,4.061090231978768e-17,9.512811081142489e-17,0.6105450084543514,4.878144929508829e-17,3.596942665332479e-17,3.260426113275737e-17,1.0641802195025047e-17,3.534314131014712e-17
0.02419921875,3.281862829494634,3872.6943503776065,-14683696.659258626,293.1607450776462,0.9460491575160337,0.22703802680803697,2.7835527154785774e-12,5.679071845542871e-10,0.16232243877134186,5.38568066838888e-10,7.926422154196194e-08,3.283922113473545e-09,5.229421543668814e-10,0.0,0.0,0.0,0.0,0.0,0.0,0.0,0.0,0.0,0.0,0.0,0.0,0.0,0.0,0.0,0.0,0.0,0.0,0.0,0.0,0.0,0.0,3.117193518439474e-16,0.0,0.0,0.0,0.0,6.232688181446598e-14,9.560563281546762e-15,0.0,2.386450339274472e-16,0.0,0.0,0.0,0.0,0.0,0.0,0.0,0.0,0.610639450240204,0.0,0.0,0.0,0.0,0.0
0.02423828125,2.9784928059971683,3878.8882279501295,-14683696.659258626,293.19340568921194,0.9462225975810086,0.22678800441941713,1.624678159654956e-11,2.263438575360686e-09,0.16237550215017477,3.12453358601294e-09,4.12032970350284e-07,1.679872447103734e-08,2.93133970289562e-09,9.737310509410087e-20,2.440240288991466e-20,1.6813879017066447e-18,1.0021263177527755e-20,0.0,0.0,0.0,0.0,1.0464628708794515e-18,0.0,2.7742697425484915e-19,0.0,0.0,3.1608812219273114e-20,0.0,2.491306461328879e-19,0.0,0.0,0.0,2.180628008812457e-18,0.0,0.0,1.878356559532735e-15,7.812859635731801e-17,3.093948270494571e-17,0.0,2.7559087023056125e-20,3.5168187165811706e-13,6.188759438918669e-14,3.92424817997861e-16,1.845510435699678e-15,1.0909196022838882e-19,0.0,0.0,1.5875796326652231e-19,0.0,0.0,0.0,0.0,0.6108360562627368,0.0,0.0,0.0,1.2831939236048377e-17,0.0
0.024257812500000003,2.8265407148005153,3881.979588535398,-14683696.659258626,293.24887651853317,0.9463440857523742,0.22651836202949907,4.7322451047374654e-11,5.104897150325286e-09,0.16243257723616314,8.982286075778764e-09,1.134593053212888e-06,4.587006385043504e-08,8.55937708888084e-09,0.0,0.0,0.0,0.0,0.0,0.0,0.0,0.0,0.0,0.0,0.0,0.0,0.0,0.0,0.0,0.0,0.0,0.0,0.0,0.0,0.0,0.0,4.496577829188309e-15,1.5047188414303036e-16,3.8631496162893764e-17,0.0,0.0,1.0303968805084945e-12,2.012705612384321e-13,1.3562561289267046e-15,5.370640566955003e-15,0.0,0.0,0.0,0.0,0.0,0.0,0.0,0.0,0.6110478575760948,0.0,0.0,0.0,0.0,0.0
0.024277343750000003,2.674639111631371,3885.08818507729,-14683696.659258626,293.3885276342355,0.9464132642990611,0.226051397439526,1.4031746856304827e-10,1.2173995361593062e-08,0.1625309895360936,2.652964339762061e-08,3.3867329597593006e-06,1.3752003032255203e-07,2.7266376425448392e-08,1.043002862927596e-18,2.619957413489977e-19,1.7888101040055187e-17,1.0777345809185763e-19,6.77126134928205e-16,3.3941416326582604e-16,3.760587706760537e-15,4.526728375439743e-16,1.1342248154516681e-17,8.566251732405422e-16,2.9675456710240747e-18,2.6162113334167e-16,2.5871664752988526e-16,3.3900006750074076e-19,2.811335513479436e-16,2.6657006330026213e-18,2.7724737706391286e-16,2.5615698236515005e-16,2.5164337194372075e-16,2.316738871664693e-17,2.3941841898263645e-16,2.3988707990395823e-16,1.2148968580255253e-14,1.0436642688453829e-15,7.222763107163698e-16,4.940852795585521e-16,2.9342818250122666e-19,3.295629455967751e-12,7.236213736375165e-13,5.932604726512721e-15,1.7762406382743678e-14,1.1695185316201829e-18,2.7697114663484494e-16,2.592926442051323e-16,1.7009401874477305e-18,2.6833970463036847e-16,2.6822119219936016e-16,2.682301288690637e-16,6.178798198217513e-16,0.6114140226569892,3.134538251426626e-16,2.1544648634094412e-16,2.1183733093157306e-16,1.5742966042055106e-16,2.377752568281288e-16
0.024287109375000004,2.5989485434075776,3886.6754786492706,-14683696.659258626,293.5335883974872,0.9463394885315407,0.22569674100971762,2.5666554604092544e-10,1.9442979768317683e-08,0.16260524722787958,4.786359904307336e-08,6.203433803784952e-06,2.533897849124045e-07,5.203165872769491e-08,0.0,0.0,5.270806477171748e-20,0.0,5.3710363532512895e-16,2.665071376238381e-16,3.12486000401455e-15,3.775765197128723e-16,5.088390706653451e-20,7.382071790986e-16,0.0,2.0524054504620034e-16,2.1070176276686477e-16,0.0,2.283939798707431e-16,0.0,2.319119881766505e-16,2.0513149683431255e-16,2.0612722909930555e-16,4.498118859242225e-19,1.980766404968692e-16,1.9858906488853308e-16,1.987933681800197e-14,1.451637773796947e-15,7.881251482312265e-16,5.618886524413161e-16,5.2952008644502554e-21,6.3050791835065905e-12,1.4918941260482583e-12,1.2559501922946708e-14,3.3559890050127654e-14,0.0,2.2948875426689735e-16,2.1201430089720857e-16,0.0,2.2005044485767247e-16,2.1982116800551486e-16,2.1959326980470657e-16,5.057696015849801e-16,0.611691435336036,2.485457012629982e-16,1.8037234188882462e-16,1.7702770286581986e-16,6.413727488134411e-17,1.9689683377538947e-16
0.024296875000000002,2.523748090406236,3888.3233861493777,-14683696.659258626,293.7799373295013,0.9460708283506188,0.22522300556505181,4.752056272098073e-10,3.168600811423101e-08,0.1627036327185329,8.782195395765837e-08,1.175859314354863e-05,4.860624759905545e-07,1.0320454332939396e-07,0.0,0.0,0.0,0.0,2.985438682259528e-16,1.408384112563579e-16,1.8111708999358846e-15,2.1583448016123558e-16,0.0,4.444235312877725e-16,0.0,9.544525618191629e-17,1.1212315029339193e-16,0.0,1.252600350382348e-16,0.0,1.3557154909294697e-16,1.0559542517562747e-16,1.1245739788019608e-16,0.0,1.0805122245283737e-16,1.0865674327796269e-16,3.355063618821833e-14,2.273659366280159e-15,9.176647738068e-16,7.169465356481832e-16,0.0,1.254416755084668e-11,3.2266309269787684e-12,2.851085375642204e-14,6.625566149018444e-14,0.0,1.3311044291856373e-16,1.1593808347478526e-16,0.0,1.2328256635589406e-16,1.226405656490755e-16,1.222138319557431e-16,2.7953830709418427e-16,0.6120608938571762,1.318412213142311e-16,9.751653819836149e-17,9.426146336507833e-17,0.0,1.0770184351438737e-16
0.024306640625,2.4494597734226606,3890.090034325697,-14683696.659258626,294.193290131859,0.9454346269933558,0.22459511670147017,8.885337053011226e-10,5.2070437589070525e-08,0.16283246474747146,1.6175882863498256e-07,2.2549889043505678e-05,9.470314382052114e-07,2.072574417957089e-07,0.0,0.0,0.0,0.0,3.4636911683908135e-16,1.4993605287466406e-16,1.9345092546716356e-15,2.5897451743022177e-16,0.0,5.23100467343181e-16,0.0,9.232849331255635e-17,1.3061542476463452e-16,0.0,1.496120988364407e-16,0.0,1.6232266407991707e-16,1.231310428004704e-16,1.3864755601649467e-16,0.0,1.3084086273178904e-16,1.3129346722795328e-16,5.763488162150685e-14,4.0726534717468234e-15,1.3864233029132936e-15,1.2782966175958138e-15,0.0,2.527938740991677e-11,7.075427549598916e-12,6.643957205666988e-14,1.3308925117326186e-13,0.0,1.5825704592946333e-16,1.4040887785534982e-16,0.0,1.508900525102505e-16,1.493984916363273e-16,1.4835308895870123e-16,3.3321907598082886e-16,0.6125484996227101,1.4461960502936559e-16,1.1657488999598866e-16,1.1194922198086061e-16,0.0,1.3130876101995895e-16
0.024316406250000002,2.3767579901150357,3892.075821066245,-14683696.659258626,294.87832930157936,0.9441442142796005,0.22376963466077593,1.6800233635164743e-09,8.563432499096752e-08,0.16299883439482696,2.9721067630965716e-07,4.318296831161579e-05,1.847343101092386e-06,4.152593910536294e-07,0.0,0.0,9.660215225955274e-19,0.0,7.939649102960202e-16,3.4380156972491257e-16,4.192181157716314e-15,6.603433730404419e-16,5.239149404633627e-19,1.2569516990271493e-15,0.0,2.6269600619208764e-16,3.528492087912666e-16,0.0,3.826089509837816e-16,0.0,3.9378846668177953e-16,3.4890635054314967e-16,3.7531952899870624e-16,2.7410472435102943e-18,3.650194903692434e-16,3.6518741578107203e-16,9.922738500874906e-14,7.508267765012625e-15,2.321257268770276e-15,2.5431870768579244e-15,1.1687542268859944e-19,5.086202971538273e-11,1.5454634499999902e-11,1.5454905369568444e-13,2.671701033520564e-13,0.0,3.9608177957190633e-16,3.7471196497718365e-16,0.0,3.8749342018789024e-16,3.845074612585409e-16,3.823341694521673e-16,8.64454438425856e-16,0.6131857007817044,3.47209112740043e-16,3.471301640277057e-16,3.3770720321097527e-16,1.2125770094559072e-16,3.6835939398503903e-16
0.024326171875000004,2.3066885590839403,3894.4475990510846,-14683696.659258626,295.9991014583952,0.9417399783883033,0.22269365898759666,3.248105474337208e-09,1.4034120954475449e-07,0.16321003014997998,5.434543479180223e-07,8.19748234892927e-05,3.579699734061596e-06,8.234148692910832e-07,3.336761085724968e-18,8.454597036499806e-19,6.796496651973364e-17,3.48123700720474e-19,1.6955240645685432e-15,7.33425170195624e-16,8.401468002546418e-15,1.5724147146815852e-15,3.9158680233764466e-17,2.8691371251437656e-15,9.651531031573807e-18,6.716225105496206e-16,8.804060592335589e-16,1.1038906439633378e-18,9.160040263052987e-16,8.72540254533835e-18,9.20274524836504e-16,9.085386692056542e-16,9.593042438683818e-16,9.400675487473945e-17,9.64855158724117e-16,9.633970638884837e-16,1.6978443602698424e-13,1.3658658515345394e-14,3.836485228238779e-15,4.972774856953086e-15,1.157413913425654e-18,1.0141418833841332e-10,3.3320797041010926e-11,3.548917216906199e-13,5.313083044171209e-13,3.789232194460006e-18,9.586255601418512e-16,9.36131647955282e-16,5.4962898865356924e-18,9.49454583786352e-16,9.45612114381243e-16,9.372640337772974e-16,2.1101453438059046e-15,0.6140092457448206,7.759361667812583e-16,1.0071882090208663e-15,9.818642182584757e-16,7.720761568199253e-16,9.762293079407273e-16
0.0243359375,2.240826002544374,3897.471687806133,-14683696.659258626,297.8079258444474,0.9375123602429186,0.22130415328520991,6.602819681036288e-09,2.2880192526017134e-07,0.16347231111042534,9.892063360608353e-07,0.00015358821437609516,6.862080075064683e-06,1.6077075994834142e-06,2.6053553895611404e-17,6.791952375187078e-18,3.936913486277488e-16,2.808666820775898e-18,8.309256706937461e-16,1.5934452380721447e-16,0.0,1.2136839558634652e-15,2.6769780146553587e-16,1.945440456070312e-15,7.31061512742088e-17,2.66261217565747e-16,7.551640108501748e-16,8.845084998654265e-18,7.46039663040887e-16,6.661980778798466e-17,7.475988678995992e-16,8.898777476030455e-16,1.006937920292471e-15,4.875969404465294e-16,1.124006654896412e-15,1.1260398056923423e-15,2.864018603072456e-13,2.3217863268835615e-14,4.931243524495432e-15,8.21840575493473e-15,7.789204681198487e-18,1.9963148609465705e-10,7.05125539243451e-11,7.996584581762244e-13,1.0410408371605585e-12,3.000470712482504e-17,9.26181254344293e-16,9.058202843643599e-16,4.3057249671879796e-17,8.841443016504838e-16,8.779910061141704e-16,8.647846605565653e-16,1.873531888092518e-15,0.6150602527189011,3.196029969923289e-16,1.5158203312290547e-15,1.4000219533827798e-15,1.8199808606381797e-15,1.151576099198807e-15
0.024345703125,2.18146699527245,3901.5539897272874,-14683696.659258626,300.68433544503813,0.9304149592015952,0.2195281896687022,1.490852083257038e-08,3.713188260040433e-07,0.16378862792703008,1.7973999183886251e-06,0.0002831429248479079,1.2983298584425747e-05,3.077717505736294e-06,0.0,0.0,0.0,0.0,0.0,0.0,0.0,0.0,0.0,0.0,0.0,0.0,0.0,0.0,0.0,0.0,0.0,0.0,0.0,0.0,0.0,0.0,4.680501300335072e-13,2.976306530979799e-14,0.0,3.860386833098017e-15,0.0,3.8718916247870173e-10,1.457136975449708e-10,1.7572253752987727e-12,1.9980137810757442e-12,0.0,0.0,0.0,0.0,0.0,0.0,0.0,0.0,0.6163817942989047,0.0,0.0,0.0,0.0,0.0
0.02435546875,2.131841075990293,3907.278961964011,-14683696.659258626,305.1834796281424,0.9189961807152679,0.217284882563157,4.02598815554156e-08,6.018768539700432e-07,0.1641548029778298,3.279395070328089e-06,0.0005121685273611875,2.4207837445238227e-05,5.74824935382074e-06,0.0,0.0,0.0,0.0,0.0,0.0,0.0,0.0,0.0,0.0,0.0,0.0,0.0,0.0,0.0,0.0,0.0,0.0,0.0,0.0,0.0,0.0,7.883625999234359e-13,6.852154920966356e-14,9.21330779191899e-15,2.2133085145448706e-14,3.696556328373643e-18,7.392929680354491e-10,2.9225825888179195e-10,3.814597078451623e-12,3.801925724584331e-12,0.0,0.0,0.0,0.0,0.0,0.0,0.0,0.0,0.6180142672729912,0.0,0.0,0.0,0.0,0.0
0.024365234375000003,2.096286830534729,3915.4275733050463,-14683696.659258626,312.088097036792,0.9014134173114733,0.21449002179105917,1.343125905518366e-07,9.811872059417688e-07,0.16455379321602387,6.067509292559508e-06,0.0009062541838941725,4.4384459981177375e-05,1.0403327725348495e-05,3.3696503094301224e-17,9.313319865949018e-18,5.990329688875442e-16,3.9548153317102725e-18,7.14528853490587e-15,6.3513311216120045e-15,5.743345992887255e-14,6.968871190381545e-15,3.808262069703397e-16,1.2202380455579227e-14,9.61165432456657e-17,4.756390818589044e-15,4.5230189717704374e-15,1.2663234738001604e-17,4.243194924513764e-15,9.224208543443083e-17,4.013686281659634e-15,3.742180410143948e-15,3.937451699202743e-15,8.264298945982123e-16,3.4295413904693153e-15,3.294073737614097e-15,1.3001565098472162e-12,1.3427036947049572e-13,3.012988694815127e-14,5.565131872394611e-14,3.088302397111823e-17,1.3894695101464201e-09,5.636636772343458e-10,8.055263052105058e-12,7.076168513855224e-12,4.265716687330288e-17,3.933010918181632e-15,3.913175970280293e-15,5.934949775505892e-17,3.9591260909621926e-15,3.960304673151319e-15,3.925339963919742e-15,8.334419351708287e-15,0.6199879580422726,4.80821427215151e-15,2.4754280308400627e-15,2.919537704092454e-15,4.539307070853326e-15,3.4054489286480864e-15
0.024375,2.0802867440188724,3926.9392721389686,-14683696.659258626,322.4473376299962,0.8756364202510791,0.21106434814449118,5.193733589714774e-07,1.6269088000916028e-06,0.16494836009597905,1.1540317878066056e-05,0.001562918830199729,7.96130215403065e-05,1.806791109227275e-05,2.0475846949512606e-16,6.149057499568194e-17,2.318187841191788e-15,2.4887862037500443e-17,1.6787151274537197e-14,1.4253669456909932e-14,1.3493611218267247e-13,1.834297134525095e-14,2.065239577833734e-15,3.52647832870244e-14,5.428308952191369e-16,1.39538077876803e-14,1.2838133750357657e-14,8.355154870564526e-17,1.1559488900209763e-14,5.337641045645253e-16,1.1309836580599238e-14,1.0952563401780643e-14,1.13584331675278e-14,2.805271434094375e-15,1.0513093676681831e-14,1.050968171689701e-14,2.0906324885791037e-12,2.3085029817193043e-13,4.876550523896242e-14,1.0037378797575042e-13,1.825752710809729e-16,2.5724960932818975e-09,1.0308563139532806e-09,1.649099331993367e-11,1.2846620965906348e-11,2.661647242562601e-16,1.10800504673939e-14,1.1048137268007084e-14,3.5439151133190575e-16,1.109999084475844e-14,1.1100757848459442e-14,1.1033110146777052e-14,2.3422788507054126e-14,0.6223130017610472,1.1909443169350145e-14,8.35850641808246e-15,1.021153151063835e-14,1.0369025035674898e-14,1.0611450739128769e-14
0.0243798828125,2.08226444397278,3934.342211146288,-14683696.659258626,329.43430309832144,0.8588182902377044,0.20908666250388147,1.1571640764657479e-06,2.1436356435560186e-06,0.16511996689618033,1.6494357504641103e-05,0.0020421131921925595,0.0001060333171934372,2.341002342646022e-05,0.0,0.0,0.0,0.0,0.0,0.0,0.0,0.0,0.0,0.0,0.0,0.0,0.0,0.0,0.0,0.0,0.0,0.0,0.0,0.0,0.0,0.0,2.6233699561934946e-12,2.766966994124911e-13,3.4137807350611934e-14,1.0655838963678647e-13,1.7171652523287092e-16,3.5211059457328573e-09,1.3602200891820984e-09,2.3610453331105018e-11,1.7262491393432645e-11,0.0,0.0,0.0,0.0,0.0,0.0,0.0,0.0,0.6236020139846611,0.0,0.0,0.0,0.0,0.0
0.024384765625,2.0925603362077507,3943.1956351594763,-14683696.659258626,337.9577378908474,0.8389888836967161,0.2069209407470501,2.4519413781322622e-06,2.8628284649782263e-06,0.1652551188455623,2.3904309556121635e-05,0.002659022075708855,0.00014015040709214078,2.999510126596228e-05,7.298529041178312e-16,2.380120118955413e-16,6.467439957870255e-15,9.488720524044558e-17,2.1984767841143793e-14,2.0305102656024216e-14,1.7140669947359119e-13,2.3174720168673342e-14,7.02714696062288e-15,4.4360528098043994e-14,1.8074209580986385e-15,1.8552924977266484e-14,1.7907044696231717e-14,3.3152525887677863e-16,1.5580396775650422e-14,1.8708396168670373e-15,1.5440309974356056e-14,1.339076360907351e-14,1.5241817170080772e-14,7.217550820890929e-15,1.372085198346877e-14,1.3796543893496827e-14,3.3560097141500942e-12,3.9473041416432083e-13,7.171124374599732e-14,1.6946289979473304e-13,1.21662104867243e-15,4.836311125390383e-09,1.7653688886613843e-09,3.39213751443034e-11,2.3241811006531835e-11,1.0159723894023864e-15,1.4707086784343312e-14,1.474151198171011e-14,1.304090392867746e-15,1.4567828556515148e-14,1.4614716110167903e-14,1.479917261890085e-14,2.971901471424107e-14,0.6249655470804824,1.628035033854826e-14,1.025131477616128e-14,1.3134633918879887e-14,1.3779028505908334e-14,1.3699973088983568e-14
0.0243896484375,2.112161968966901,3953.6787280004405,-14683696.659258626,348.2416785081312,0.8160958440527436,0.20456476029727855,5.040230321924473e-06,3.876598814612587e-06,0.16533764181003835,3.505133692624552e-05,0.0034416195243169045,0.00018251460028413866,3.783671881181599e-05,0.0,0.0,0.0,0.0,0.0,0.0,0.0,0.0,0.0,0.0,0.0,0.0,0.0,0.0,0.0,0.0,0.0,0.0,0.0,0.0,0.0,0.0,4.2250336831604255e-12,4.872192519907496e-13,5.68042518104808e-14,1.9058440939979712e-13,2.5965697205539247e-15,6.647274737968099e-09,2.236380495906156e-09,4.84909279485645e-11,3.1095135852356266e-11,0.0,0.0,0.0,0.0,0.0,0.0,0.0,0.0,0.626391649915004,0.0,0.0,0.0,0.0,0.0
0.02439453125,2.1419146040409105,3965.9468956449805,-14683696.659258626,360.49708555424223,0.7902596874426804,0.20201895636334466,1.002401018779526e-05,5.319416500916072e-06,0.16535017637781935,5.1790578068782204e-05,0.0044187340913346826,0.00023256788276193388,4.6808593111554665e-05,1.381241559419257e-15,4.860351263454899e-16,1.2144262179504476e-14,1.9181378737862415e-16,4.7544383035004893e-14,4.0685515415000645e-14,3.4980038646073895e-13,5.013298190461908e-14,1.3610987500152317e-14,9.454250574462671e-14,3.426392332023611e-15,3.9005177273980026e-14,3.8023192482784425e-14,7.054284359095752e-16,3.359953420232784e-14,3.7401984444871384e-15,3.222577813317368e-14,2.878226296891875e-14,3.286304278496815e-14,1.428491432501628e-14,2.9443630840885223e-14,2.962534169740968e-14,5.409655512940572e-12,6.896643652966021e-13,1.1549282181012288e-13,2.9352134262051064e-13,8.643076896284181e-15,9.119643545161246e-09,2.744957057226273e-09,6.891061205285373e-11,4.1399761913705984e-11,2.1054936288449526e-15,3.141802656955659e-14,3.1413670423872834e-14,2.563552461386215e-15,3.119270599542573e-14,3.126285044263698e-14,3.169771353320009e-14,6.408051449672568e-14,0.6278656107041737,3.354372459166023e-14,2.2476167372544228e-14,2.9151818385549244e-14,3.1602690922472183e-14,2.9844052150969485e-14
0.0243994140625,2.182415880816464,3980.1191656204437,-14683696.659258626,374.9014712168538,0.7617983201546137,0.19928771483917734,1.9191703521073544e-05,7.380888909172883e-06,0.16527543746735146,7.66125733011164e-05,0.005618164826866772,0.0002881273134773929,5.662389575266068e-05,0.0,0.0,0.0,0.0,0.0,0.0,0.0,0.0,0.0,0.0,0.0,0.0,0.0,0.0,0.0,0.0,0.0,0.0,0.0,0.0,0.0,0.0,6.824812995849306e-12,8.529673265779766e-13,8.452827679356405e-14,3.2273013755175166e-13,2.3118379028341376e-14,1.2455952860613698e-08,3.241309475004698e-09,9.685210525142311e-11,5.44583833470579e-11,0.0,0.0,0.0,0.0,0.0,0.0,0.0,0.0,0.6293707306349621,0.0,0.0,0.0,0.0,0.0
0.024404296875000002,2.2339089925248583,3996.2683799455385,-14683696.659258626,391.57622975896686,0.731223899884765,0.1963783629597966,3.524181862968905e-05,1.0315278648820779e-05,0.1650975756715062,0.00011249597413037291,0.007064462169815715,0.0003452389893882087,6.68548219812081e-05,9.594237124285054e-16,3.7813831251672047e-16,6.84616892744526e-15,1.465277484991072e-16,2.290189102768285e-14,2.8958521843459153e-14,2.310318227966464e-13,3.218217090223189e-14,9.026362893122695e-15,5.756864043028173e-14,2.234371128703287e-15,2.298127492525067e-14,2.5829826219532592e-14,5.558539868928739e-16,1.9983093756427828e-14,2.5671987307628165e-15,1.9459079895866755e-14,1.3490049772543534e-14,2.0877068817421734e-14,7.720715859704158e-15,1.5959532301601054e-14,1.644529475582031e-14,8.752082468658614e-12,1.1704077069115314e-12,1.3711225399176474e-13,4.4558254143399345e-13,6.588007449720511e-14,1.688952249804488e-08,3.6597155867990516e-09,1.3466507199289737e-10,7.082002453090248e-11,1.5806646571471996e-15,1.873195149899813e-14,1.8557012607955423e-14,1.8202676179351526e-15,1.7908969770101905e-14,1.7960521314540676e-14,1.881472321374085e-14,3.2875721886593313e-14,0.6308894315500433,2.003871958669297e-14,1.0257890123172876e-14,1.6873921105395035e-14,1.4896350323615377e-14,1.707413193323896e-14
0.0244091796875,2.2961966422196483,4014.4162281769154,-14683696.659258626,410.56572705136324,0.6992057137301172,0.19330087140107333,6.194377955961913e-05,1.4442624041241762e-05,0.16480330984484387,0.00016241267326836455,0.008776742208748132,0.00039870810420070585,7.699314994816368e-05,0.0,0.0,0.0,0.0,0.0,6.758989709689306e-15,7.151963291742129e-14,5.2142622019764784e-15,0.0,6.275777454053093e-15,0.0,1.0733598258539878e-17,3.4734203184043366e-15,0.0,0.0,0.0,0.0,0.0,0.0,0.0,0.0,0.0,1.1226400832510943e-11,1.5404499632358587e-12,1.3774404283249728e-13,5.351201047252553e-13,1.77263989386362e-13,2.2668022684002728e-08,3.932921409350333e-09,1.8480017098728706e-10,9.05511239934026e-11,0.0,0.0,0.0,0.0,0.0,0.0,0.0,0.0,0.632404549324311,0.0,0.0,0.0,0.0,0.0
0.024411621093750002,2.3312311383454847,4024.2413439999914,-14683696.659258626,420.92383112888007,0.6828803330845359,0.19170211922656033,8.117234902583646e-05,1.7100542170770436e-05,0.16460818655793533,0.00019348539555384247,0.009738906993391016,0.00042211347852597856,8.183734103373352e-05,8.807489120940409e-16,3.789088289409794e-16,5.926987997775224e-15,1.429639878245902e-16,1.8409673506740112e-14,2.5237691959068674e-14,1.9861927080848431e-13,2.8260677920577502e-14,8.43509342711872e-15,4.657358369196131e-14,2.0747659096679404e-15,1.7476213020629377e-14,2.1733243159031136e-14,5.666321186859378e-16,1.6706814290228713e-14,2.496186868001732e-15,1.6181482787437963e-14,1.0330765536542812e-14,1.7549092553608492e-14,6.632948440016021e-15,1.3054639524261556e-14,1.3674181192454078e-14,1.2816282075524163e-11,1.8158116306746059e-12,1.6865384727132505e-13,6.167153972318774e-13,2.8988295727830976e-13,2.6158850522753065e-08,3.9970681752378665e-09,2.1571339172299457e-10,1.0170155144535838e-10,1.5942212746687033e-15,1.5765882268715918e-14,1.570211793633021e-14,1.7654221196155212e-15,1.480730744683535e-14,1.4958883136573077e-14,1.6415182599757975e-14,2.5024143081382304e-14,0.6331550476261188,1.6297861173691944e-14,8.668044040140384e-15,1.460165863075504e-14,1.2470158859491774e-14,1.395207569836689e-14
0.0244140625,2.3688108979790377,4034.5924405396995,-14683696.659258626,431.8600740103432,0.6664433342149839,0.19006531727077375,0.00010505373094070332,2.0219854077589594e-05,0.16437835599245892,0.00022884262143362343,0.010775249744774637,0.0004425030057896636,8.645764890299235e-05,2.5139277298500764e-15,1.1286742951828969e-15,1.3753401593571135e-14,4.3534992236844214e-16,3.267124429752053e-14,3.2334143521487266e-14,2.416191279519202e-13,3.794575313441381e-14,2.1321656581238533e-14,6.139884724548283e-14,5.378713943104693e-15,2.4830489228408488e-14,2.933310936535987e-14,1.6890675774768419e-15,2.535758189403913e-14,6.401962608279772e-15,2.4252473881246382e-14,1.9418282771430138e-14,2.5505889337707818e-14,1.425678558367618e-14,2.1331772097859144e-14,2.202017779870718e-14,1.4664282735343642e-11,2.1321993142101593e-12,1.9018619954797182e-13,6.942368068192224e-13,4.668740696549793e-13,3.0101938724277095e-08,4.007436298927624e-09,2.512144741318279e-10,1.1366348162916003e-10,4.323686109277455e-15,2.4080417025999547e-14,2.3963185831632736e-14,4.7373909955828594e-15,2.3093145488494124e-14,2.3222324992598764e-14,2.4880293568397022e-14,4.043473671169932e-14,0.6338979656375022,2.4035689060608206e-14,1.7916262172595734e-14,2.3609856517362233e-14,2.3602506370944216e-14,2.234470523476428e-14
0.024416503906249998,2.4087750548364197,4045.462655275745,-14683696.659258626,443.3534645122274,0.6499959209105601,0.18839224915319452,0.00013435756051959042,2.38556024130543e-05,0.16411303548061132,0.00026841180866892536,0.011886204318617073,0.0004593528398929869,9.079658124034351e-05,0.0,0.0,0.0,0.0,0.0,2.881876986623449e-15,4.206669851764879e-14,2.9892029356741708e-15,0.0,0.0,0.0,0.0,0.0,0.0,0.0,0.0,0.0,0.0,0.0,0.0,0.0,0.0,1.680202686333307e-11,2.478382328576801e-12,1.7839766233726972e-13,7.438303575799933e-13,7.399362905951746e-13,3.4526863004056455e-08,3.964510588352532e-09,2.917818284086522e-10,1.2632875788566576e-10,0.0,0.0,0.0,0.0,0.0,0.0,0.0,0.0,0.6346316977243674,0.0,0.0,0.0,0.0,0.0
0.0244189453125,2.4509388002873282,4056.842943470849,-14683696.659258626,455.3775975360142,0.6336341099324312,0.18668473161757776,0.00016987935149018066,2.8064112012594866e-05,0.16381167903410587,0.000311944230766011,0.013071692767774716,0.00047230555831824484,9.480333980163123e-05,0.0,0.0,0.0,0.0,0.0,0.0,0.0,0.0,0.0,0.0,0.0,0.0,0.0,0.0,0.0,0.0,0.0,0.0,0.0,0.0,0.0,0.0,1.9343921138998512e-11,2.9179799331033105e-12,1.810214465438693e-13,8.125683395487726e-13,1.1591981562408403e-12,3.946145393694773e-08,3.871787412075762e-09,3.3799402715331753e-10,1.3963107042943963e-10,0.0,0.0,0.0,0.0,0.0,0.0,0.0,0.0,0.635354856152872,0.0,0.0,0.0,0.0,0.0
0.024423828124999998,2.541084990692195,4081.076972291665,-14683696.659258626,480.90091166064116,0.601499238578207,0.18317421777895826,0.00026174699031950764,3.835108250273677e-05,0.16310131487784818,0.00040947470294030325,0.01566087315975797,0.00048606854528832397,0.0001016958747404616,0.0,0.0,0.0,0.0,0.0,0.0,0.0,0.0,0.0,0.0,0.0,0.0,0.0,0.0,0.0,0.0,0.0,0.0,0.0,0.0,0.0,0.0,2.58668332685828e-11,4.131082601274114e-12,2.2579072043259667e-13,1.005123871375839e-12,2.7040868112552485e-12,5.0919873900295065e-08,3.5565230407615665e-09,4.4882554610901966e-10,1.677083501885805e-10,0.0,0.0,0.0,0.0,0.0,0.0,0.0,0.0,0.6367662018607805,0.0,0.0,0.0,0.0,0.0
0.0244287109375,2.6370815488686197,4107.0679706550145,-14683696.659258626,508.0669880578269,0.5707177514889317,0.17954918434912692,0.00038731411449489884,5.152258459860125e-05,0.16225314311639158,0.0005158030748664,0.018523558576103386,0.0004852639604237725,0.00010692475236774885,1.0638928839778413e-15,5.32176777374547e-16,7.206803910925045e-15,2.08382065857486e-16,2.3652776767921158e-14,4.61245092653149e-14,2.684865744607495e-13,3.983958828199994e-14,1.0580622660472184e-14,5.1356587840960533e-14,2.54538331248472e-15,1.2572900514574062e-14,2.7041039810558707e-14,7.973562503886404e-16,2.297063683005576e-14,3.3543999585642694e-15,1.9402711850826455e-14,8.167883890342054e-15,2.2537589672881473e-14,8.542222092632012e-15,1.5794987485384815e-14,1.4945948642925238e-14,3.5055013808222134e-11,5.973912354862289e-12,3.0743985302740386e-13,1.2573243752785555e-12,5.920032065374377e-12,6.459428819603776e-08,3.138728044591662e-09,5.872405691621954e-10,1.9651111249564538e-10,2.1980931794644305e-15,2.0914664255545156e-14,1.9576576723677608e-14,2.2902817318910565e-15,1.7510656826621245e-14,1.803995014369099e-14,2.20347250703651e-14,2.41375213462774e-14,0.6381272169055302,2.0698988574587015e-14,1.0083627994065057e-14,1.873403716960935e-14,1.5156177608090645e-14,1.574355235737225e-14
0.02443359375,2.7371931400271663,4134.69122549456,-14683696.659258626,536.5719316065502,0.5416673938962454,0.17582329363415025,0.0005516636769979982,6.806957510199794e-05,0.16127003480638266,0.0006244942289341579,0.02164574563496581,0.0004726035523527565,0.00011035347978270549,6.125922876984188e-16,3.2939038054611583e-16,5.0857993578729116e-15,1.424538884647756e-16,2.445522766732521e-14,5.578015242174877e-14,3.2355707975042113e-13,4.897657892485412e-14,7.12147443519174e-15,6.385312391539828e-14,1.7646624071228824e-15,1.3822434142763552e-14,3.285870559876169e-14,4.723563809168643e-16,2.6147483140658607e-14,2.2143256734865394e-15,2.1951386397597344e-14,6.966655454018097e-15,2.7453359780604353e-14,6.541414744779498e-15,1.895760685513922e-14,1.7308182109457186e-14,4.798425461904033e-11,8.69583841876131e-12,3.647797359344275e-13,1.5100495230229226e-12,1.2138652046237328e-11,8.067068459179382e-08,2.6874116651928698e-09,7.578908110208768e-10,2.2484131398738823e-10,1.4083333615482876e-15,2.4240744362398542e-14,2.255020383601789e-14,1.417038468330471e-15,2.0240146483580194e-14,2.0817916754422453e-14,2.588285274770954e-14,2.697928483745123e-14,0.6394336569988682,2.3159088026434388e-14,1.0376711491323023e-14,2.3366769045015265e-14,1.61275782273039e-14,1.8497765346440177e-14
0.0244384765625,2.839771406567635,4163.822010561348,-14683696.659258626,566.1105404437101,0.5145663327469486,0.17200973716830095,0.0007585522659569841,8.856925231578126e-05,0.16015671617181398,0.0007289245491534351,0.025010611318890368,0.0004516248821738178,0.00011194505854155152,0.0,0.0,0.0,0.0,0.0,3.3413165850705705e-14,1.9122076937741577e-13,2.7817914561546418e-14,0.0,2.1232916847754474e-14,0.0,5.169033783810467e-16,1.4533211457865606e-14,0.0,7.399388327418314e-15,0.0,6.722128124067368e-15,0.0,1.0626556051320054e-14,0.0,3.690767317739034e-15,3.0154285720381575e-15,6.62072994072922e-11,1.276574272832106e-11,4.1606175467912227e-13,1.7802704265374954e-12,2.334006881466516e-11,9.935930939825367e-08,2.2582044836335745e-09,9.65961627592244e-10,2.518342466873827e-10,0.0,9.094964338075149e-15,7.675861482779975e-15,0.0,5.370636578446064e-15,5.937369697503059e-15,1.1512970966839353e-14,9.577127473728885e-16,0.6406832163926519,7.780381141888604e-15,0.0,8.889678506464062e-15,4.2330662336385326e-16,3.9162329998791374e-15
0.024443359375,2.9433416830268793,4194.341743888198,-14683696.659258626,596.3954633150372,0.4894993661528666,0.1681210252617484,0.0010101986308520626,0.00011374121842381726,0.15891877384392686,0.0008235828084978814,0.028600027572675418,0.0004258311770485166,0.00011175601642621878,0.0,0.0,0.0,0.0,0.0,1.899331693466833e-14,1.126213731761301e-13,1.6448475181568756e-14,0.0,0.0,0.0,0.0,3.9776398628194596e-15,0.0,0.0,0.0,0.0,0.0,1.3295314901584345e-15,0.0,0.0,0.0,9.176613655407409e-11,1.884629091758725e-11,4.913978982380719e-13,2.0977911423062703e-12,4.222737327423591e-11,1.2090328733273928e-07,1.8841440999915923e-09,1.2171477019213488e-09,2.770165225827232e-10,0.0,1.895987480120527e-15,3.6736771313330385e-16,0.0,0.0,0.0,4.675392510434557e-15,0.0,0.6418749390332145,4.893074273391182e-16,0.0,7.500517043890017e-16,0.0,0.0
0.024453125,3.149412708458154,4259.153182830312,-14683696.659258626,658.3847509570654,0.4452243691806468,0.16015682315302057,0.001647688218596629,0.00018056868178978802,0.1560915714192679,0.0009732394785186021,0.03638610191139713,0.00036882911412498815,0.00010651990795891236,1.0240146885876132e-16,6.343885614729084e-17,5.256862091915204e-16,2.2846885820710755e-17,1.3806195409477622e-15,3.1584143964004644e-14,1.8088865025232722e-13,2.976863405472876e-14,9.674620043158643e-16,9.867423276832103e-15,2.1743762482267245e-16,4.866700494771131e-16,9.917968805652677e-15,8.575070090583051e-17,5.8537812415746106e-15,3.246353102345321e-16,4.7477575837094805e-15,3.285977007175787e-16,7.80800230196097e-15,4.715782040821413e-16,1.8158630615443965e-15,1.4190078186149239e-15,1.7208570258609273e-10,3.948190777702496e-11,7.212880240535751e-13,2.879203894552348e-12,1.1708519860600858e-10,1.732356784846669e-07,1.3335832878335042e-09,1.865031984280528e-09,3.2156040067727377e-10,2.3324328228775305e-16,9.370991950061555e-15,6.211003367529701e-15,2.200729284158662e-16,3.2832778840018945e-15,3.739066234724895e-15,1.175298547961438e-14,7.252901962955514e-16,0.644088481026877,7.149213534421483e-15,4.899525219572638e-16,6.096380881758196e-15,7.627886137626181e-16,2.21637152051398e-15
0.024462890624999997,3.346981093256811,4327.8741731535165,-14683696.659258626,720.6868015694158,0.40825511278759324,0.15202021488144457,0.0024561771968121125,0.0002775089897788597,0.152852345929348,0.001071364879386429,0.04482377623823488,0.0003165035057747166,9.681095399199353e-05,8.90409051652375e-17,6.799096380045952e-17,5.914037323500232e-16,2.7396374877316834e-17,2.9638232568211756e-15,3.585746745148207e-14,2.024319917896489e-13,3.533539119312878e-14,1.0676996688910342e-15,1.0986308913497821e-14,2.4767308262639265e-16,8.460115869796212e-16,9.562788778867862e-15,8.181170258300995e-17,6.46822808060894e-15,3.3414402416900575e-16,5.057673870682279e-15,4.073367506971037e-16,8.237892598185953e-15,6.000809539096079e-16,2.596783550475677e-15,1.9290921166963243e-15,3.1454999252226696e-10,7.9847631091543e-11,1.0695219658764454e-12,3.8394965542168335e-12,2.6914438276496854e-10,2.3932207296743794e-07,9.97144074174137e-10,2.7402137166950177e-09,3.608029677617932e-10,2.108883989474713e-16,1.1265003637252826e-14,6.428786927894646e-15,2.0709792857120444e-16,3.5105198195362765e-15,3.7689010284474925e-15,1.3337698828231318e-14,1.7601005197179282e-15,0.646085053336157,8.303460508237858e-15,1.0576492242288917e-15,6.638456581044437e-15,1.429107283373241e-15,2.8179925890311106e-15
0.02447265625,3.532060818412355,4399.889141341501,-14683696.659258626,782.2647192416235,0.377386471228221,0.14377120775353575,0.0034178323187451236,0.00041573071695908466,0.14921475629939954,0.0011377578488262934,0.053815187309867785,0.00027255688272997345,8.444875761462825e-05,0.0,0.0,0.0,0.0,0.0,2.704315702701417e-14,1.6859350667638858e-13,3.2130756806451337e-14,0.0,0.0,0.0,0.0,2.6918564982714683e-15,0.0,0.0,0.0,2.5250595509309296e-16,0.0,2.353600253938879e-15,0.0,0.0,0.0,5.512321395417056e-10,1.5263737446056108e-10,1.6221764095110443e-12,5.006128824452196e-12,5.335673083810512e-10,3.2147110030767175e-07,7.99406762920714e-10,3.8962676168936344e-09,3.983064370747163e-10,0.0,7.730244694911449e-15,1.3199778504593596e-15,0.0,0.0,0.0,9.164583722272747e-15,0.0,0.6478701943029187,4.145176317789731e-15,0.0,1.1674438484518528e-15,0.0,0.0
0.024482421875,3.7026405419892385,4474.711517074541,-14683696.659258626,842.4572890543812,0.35147286822044643,0.13545620322486202,0.004511750383389389,0.000606711278648633,0.1451782698543026,0.0011986055123092891,0.06328873080792724,0.00023681803241966647,7.105769623819429e-05,0.0,0.0,0.0,0.0,0.0,3.427568354740602e-14,2.0374431775776449e-13,4.085592382282591e-14,0.0,1.7471722819212342e-15,0.0,0.0,3.597178698021361e-15,0.0,2.537162284587843e-15,0.0,1.7662119264743298e-15,0.0,3.7495365946754e-15,0.0,0.0,0.0,9.184644431055122e-10,2.738231359587953e-10,2.516138318458831e-12,6.414989611908018e-12,9.422810249973432e-10,4.2208259671949247e-07,6.844593751766202e-10,5.392948158476014e-09,4.3711798633246757e-10,0.0,1.1634361021663153e-14,2.3421885021243655e-15,0.0,4.627507498776668e-16,3.8774520444890223e-16,1.1568019124860861e-14,0.0,0.6494514224689535,6.51957136541236e-15,0.0,2.3622517465015653e-15,0.0,0.0
0.0244921875,3.8579600024917506,4551.95365445382,-14683696.659258626,900.8647564426216,0.3295445558100844,0.12711560455928073,0.005716236234140463,0.000859736592832929,0.14073983385392175,0.001277887429977548,0.07318606167126358,0.00020786267187674774,5.791539523795276e-05,2.3809287768740886e-16,1.9097441257165368e-16,1.0511743833277004e-15,6.834955856017621e-17,5.477080936076061e-15,4.469703728665908e-14,2.557117625916354e-13,5.3310342197501094e-14,2.0262288570960606e-15,1.04060250297827e-14,4.662708271505961e-16,8.467591614929435e-16,6.311616360123217e-15,1.8550262577262147e-16,7.428037039156136e-15,6.767419923593943e-16,4.941913876126289e-15,4.70873231056113e-16,6.8150342083379236e-15,8.671971663260401e-16,3.61675905160311e-15,2.0630008797290646e-15,1.4516820625852876e-09,4.607313984853227e-10,3.9067756351039e-12,8.07710720924137e-12,1.5197092014602638e-09,5.435610549845505e-07,6.198341230119324e-10,7.293698927772492e-09,4.79438761477703e-10,4.816320767664343e-16,1.7234219901652285e-14,4.857421596234047e-15,4.155463170452896e-16,3.2047954800780274e-15,2.8868796562010022e-15,1.5557069279944524e-14,2.0396765264392482e-15,0.6508383061928591,1.035746525948552e-14,1.3776245533045861e-15,5.268419112193036e-15,1.5783993139603996e-15,3.0138525559414465e-15
0.024501953125,3.9979795835607463,4631.301121979975,-14683696.659258626,957.2573273279273,0.3108226957445164,0.11879175548343429,0.007008458870000652,0.001179736897038511,0.13590601767210386,0.0013942120415621948,0.08344628291953979,0.00018416005805907938,4.591782249083438e-05,0.0,0.0,0.0,0.0,1.848372609842647e-16,3.804196023952813e-14,2.393924678695806e-13,5.471371664528356e-14,0.0,2.2147179628300174e-15,0.0,0.0,2.2676897543507245e-15,0.0,2.4923828196906383e-15,0.0,1.7529067516473914e-15,0.0,2.8504398187321316e-15,0.0,2.78593768985199e-16,0.0,2.179128883299896e-09,7.290994577081691e-10,5.958323938954407e-12,9.988350153281563e-12,2.2803154065374834e-09,6.882027099301411e-07,5.87706242962188e-10,9.66105185484798e-09,5.268950062982617e-10,0.0,1.47990449105949e-14,1.4277445196854407e-15,0.0,4.721987230962542e-16,2.9535932206839315e-16,1.1842670007626187e-14,0.0,0.6520427540525341,7.823762028873363e-15,5.894463789049251e-17,1.9590904405995646e-15,0.0,3.07354395793106e-16
0.02451171875,4.123027505155499,4712.492782334088,-14683696.659258626,1011.5102111563272,0.2946967826115416,0.11053473569255244,0.008363387131740162,0.0015660433141220168,0.13070233955753546,0.0015603103195928336,0.09399322002309786,0.00016443476507159422,3.559644297583211e-05,0.0,0.0,0.0,0.0,0.0,3.169641263840677e-14,2.294135211069667e-13,5.749944376487786e-14,0.0,0.0,0.0,0.0,0.0,0.0,0.0,0.0,0.0,0.0,0.0,0.0,0.0,0.0,3.1158354183815766e-09,1.0898726743380906e-09,8.819161454214053e-12,1.214063973263455e-11,3.22742147224708e-09,8.580525551539198e-07,5.780697259821572e-10,1.254985761038961e-08,5.807490875121418e-10,0.0,1.269003021372881e-14,0.0,0.0,0.0,0.0,8.367416231373246e-15,0.0,0.6530790535376454,5.8425704714590335e-15,0.0,0.0,0.0,0.0
0.024521484375,4.233230649917853,4795.308368875906,-14683696.659258626,1063.4736035883047,0.280715899368208,0.10240466079025363,0.009753201305685001,0.0020122353991407836,0.12517804983400788,0.0017833729730756891,0.10472893968020973,0.00014773462286464423,2.7166719673253476e-05,2.123622955870042e-16,1.7130868551893396e-16,6.357403573490137e-16,5.884806054721377e-17,3.4077846890892974e-15,3.817898463635209e-14,2.8025317598754637e-13,7.180667025700682e-14,1.2562224779610563e-15,4.4670058081658455e-15,3.2004762251782745e-16,3.3081489995878e-16,2.078390711266786e-15,1.4400390862876279e-16,4.0198773101584426e-15,4.436475058852671e-16,2.7723682145710147e-15,2.399821740445946e-16,2.485399943475976e-15,4.458970006973335e-16,1.4915104983396797e-15,7.027396018259896e-16,4.2593818457123825e-09,1.546607485149046e-09,1.256193172152252e-11,1.4500637403899041e-11,4.3519013374487905e-09,1.0547544992100822e-06,5.8504309556046e-10,1.5999129184200127e-08,6.420126223836197e-10,3.3383537721104677e-16,1.8371061627401165e-14,1.2831727767087617e-15,2.686370607873285e-16,1.348114595785227e-15,8.202020304758196e-16,1.2054798249473097e-14,7.720603206345457e-16,0.6539635565089875,9.56450380339711e-15,5.063202297237221e-16,1.6405601584303429e-15,5.605772517221841e-16,1.2417310020201043e-15
0.02453125,4.328706783436747,4879.561927237007,-14683696.659258626,1113.0181611297699,0.26853133028312537,0.09447054556150312,0.011147686589594806,0.002507001899076382,0.11940605016073187,0.0020655376319800643,0.11553388173412539,0.00013336523656865354,2.0597501288751336e-05,1.1843677979022475e-16,1.0682996554116462e-16,4.095826189830032e-16,3.54611361405894e-17,3.659969277131821e-15,3.797470087770765e-14,3.009548844917742e-13,8.141954681610313e-14,1.0240892609570782e-15,5.493078345400754e-15,2.2778489886224103e-16,1.8360803581872237e-16,1.981187133558045e-15,6.575818465082524e-17,4.6916486999017496e-15,2.6588952610406586e-16,3.2457132963560553e-15,1.6793227988484638e-16,2.38982317324966e-15,3.044100438172469e-16,2.168638697469987e-15,6.926350076795396e-16,5.5884115563436306e-09,2.0943471710782745e-09,1.7145064765748966e-11,1.699706177806486e-11,5.632541174567533e-09,1.279420377273868e-06,6.049173453203488e-10,2.0024065109715e-08,7.11322020682359e-10,1.8692491338019834e-16,1.9813580651498177e-14,1.0770843978627592e-15,1.5466075920717186e-16,1.5071432496996306e-15,8.49348651981498e-16,1.2033487212054559e-14,5.883632647022088e-16,0.6547140195745088,1.0297956806151933e-14,4.0843925934446593e-16,1.6765814180399118e-15,4.3751513154713166e-16,1.5285572806584534e-15
0.024541015625000002,4.409689764954986,4965.095574196295,-14683696.659258626,1160.0669269047178,0.25786264800170816,0.08680668856694475,0.012515449882644202,0.003035643970211805,0.11347859117872118,0.0024045965774813125,0.12627218220849698,0.00012082434510035103,1.5690169543898527e-05,0.0,0.0,2.5940104110591998e-17,2.9467369722423632e-18,2.0041246233262315e-15,3.296888486489347e-14,2.9926213521781556e-13,8.838990480713614e-14,2.84466987218088e-16,3.3366818736233234e-15,1.681933401083831e-17,0.0,1.0222855188285417e-15,0.0,3.1642757341801307e-15,0.0,2.181591756840002e-15,1.6597064574522564e-17,1.2983408755723704e-15,4.9428021087577276e-17,1.2628595394999841e-15,1.3516375381309416e-16,7.064070665535976e-09,2.72016966002588e-09,2.243199383393172e-11,1.9550712367926137e-11,7.0381052369771285e-09,1.5325338112623092e-06,6.351714335590562e-10,2.4610000696093876e-08,7.888205949208059e-10,0.0,1.851670553336406e-14,3.7795047011291047e-16,0.0,7.218293272756539e-16,2.3872546774660084e-16,1.005989710997182e-14,6.637582159910622e-17,0.6553487576682471,9.58880481362832e-15,6.21654531289177e-17,7.382006577410296e-16,5.972795728210599e-17,7.438323804926836e-16
0.02455078125,4.4764502352593105,5051.77410686328,-14683696.659258626,1204.5746572807134,0.24848539548568052,0.07948739455317487,0.013825702082004513,0.0035817947868895476,0.10749998067795918,0.0027949047632418937,0.13680065303521852,0.00010975704882191691,1.215452782404328e-05,1.1022885336600423e-16,8.826934876804712e-17,2.7048276854864415e-16,3.1038174840406355e-17,2.646946504091382e-15,2.7565541803740574e-14,2.9370217372419557e-13,9.575925510087322e-14,7.017132961483733e-16,3.2316487792898826e-15,1.6520755832562924e-16,1.037199539098596e-16,9.634793091357127e-16,5.523359820547935e-17,2.767235656514202e-15,2.053010417506062e-16,1.9590536056804902e-15,1.091657845132557e-16,1.1772986456611623e-15,1.8291638567195005e-16,1.2889026463399252e-15,3.778319902659916e-16,8.633828218845884e-09,3.4048701586969005e-09,2.820442512144007e-11,2.2072964732236414e-11,8.529821205289478e-09,1.8139072699276583e-06,6.739851364261702e-10,2.970981832807836e-08,8.741416897770727e-10,1.3092230370725754e-16,1.726706201829052e-14,5.001547771134634e-16,9.590327529599209e-17,7.691090373384959e-16,4.4059696865421434e-16,8.528447561513412e-15,3.211247637157215e-16,0.6558857927403805,9.53674022363603e-15,2.026280304410136e-16,7.486456886400271e-16,2.2281371991594074e-16,8.345497001858986e-16
0.024560546875000002,4.529312260398471,5139.481022625994,-14683696.659258626,1246.52942100849,0.24021687166965522,0.0725811394570144,0.015050253092260364,0.0041290451007907365,0.1015779199914989,0.0032283894900794023,0.14697937015617127,9.991558149640469e-05,9.671832474009951e-06,1.7649279968997012e-16,1.2866666285452702e-16,3.2610065490555175e-16,4.223560386306957e-17,1.5727989498424012e-15,1.9665234908215913e-14,2.7100374691800753e-13,1.0116254779758063e-13,5.406952411377778e-16,1.0883181826741308e-15,1.9109303004274777e-16,1.3761340438372126e-16,4.107249187822968e-16,9.671992214456769e-17,6.115746555455308e-16,2.353361297350223e-16,6.029284544329671e-16,1.258132534456806e-16,5.334330720011185e-16,1.9078416359553532e-16,2.377309573731694e-16,3.0602333032060937e-16,1.0236829366019696e-08,4.1252941254641645e-09,3.419984049571696e-11,2.4474631408116117e-11,1.0064743580284337e-08,2.1226999858168365e-06,7.199722465624343e-10,3.524572959363384e-08,9.664506955557684e-10,1.87764011383885e-16,1.3763277433406078e-14,3.475959836663687e-16,1.587521391052366e-16,2.2937066172568505e-16,3.145831651680122e-16,5.553799026475999e-15,3.350079455902471e-16,0.6563421111801048,8.46765280728961e-15,2.0653974272783718e-16,3.9503829367459744e-16,2.1677531097345505e-16,3.3498084714816593e-16
0.024570312500000004,4.568667394813553,5228.11533139851,-14683696.659258626,1285.9529138024552,0.23290588065273088,0.06614541961038052,0.016165305847064507,0.004662239873737283,0.09581515646635895,0.003695540017450396,0.15668165178915167,9.11245651794964e-05,7.940427761081446e-06,0.0,0.0,0.0,0.0,0.0,9.12602335679977e-15,2.290246086490914e-13,1.0303655919874119e-13,0.0,0.0,0.0,0.0,0.0,0.0,0.0,0.0,0.0,0.0,0.0,0.0,0.0,0.0,1.180982657265647e-08,4.856651161037944e-09,4.0158300558207334e-11,2.668172768033429e-11,1.1599351381078366e-08,2.4574945361750612e-06,7.720292702841879e-10,4.111527248124574e-08,1.0645409440734978e-09,0.0,6.567028338930479e-15,0.0,0.0,0.0,0.0,0.0,0.0,0.6567330926235151,5.212784103196784e-15,0.0,0.0,0.0,0.0
0.024589843750000003,4.609021646816051,5408.04692319306,-14683696.659258626,1357.5072124426206,0.22065002527964536,0.05479052777279305,0.018017986644832062,0.005648748191678627,0.08502528236948685,0.004700650555641665,0.17437193580913402,7.621711391270248e-05,5.936859356097058e-06,5.221220866886796e-16,3.5851621681053246e-16,8.370108587884526e-16,1.151345197228244e-16,5.42721668104101e-15,1.4356521063607672e-14,3.04347407243935e-13,1.3301976815831316e-13,1.834358555542458e-15,5.533247452061405e-15,5.133892288364679e-16,2.430451069281224e-16,1.3794598626335344e-15,1.79134964984708e-16,4.466031025534122e-15,5.945397164509258e-16,2.833277974808565e-15,2.7013057882102165e-16,1.379517439458331e-15,5.650808925218836e-16,2.8071230724139455e-15,7.668369329200436e-16,1.4690839052550749e-08,6.2788315543316235e-09,5.132925430874564e-11,3.0393414563688365e-11,1.4524868732294318e-08,3.199405785982971e-06,8.917685047986096e-10,5.350483370291387e-08,1.273914092175239e-09,4.430788615116562e-16,1.6196831410457852e-14,7.244184875510251e-16,3.1772497175991634e-16,1.7580056275511838e-15,9.009603433108939e-16,6.517864465083461e-15,8.092022311404124e-16,0.6573594240300763,1.0939913858175071e-14,3.977334459772874e-16,9.872058590767715e-16,4.3055117281674106e-16,1.785034910096495e-15
0.024609375000000003,4.60369054343748,5590.4893794166765,-14683696.659258626,1420.4306439785853,0.2108422933835789,0.045585895382636944,0.019296617187578673,0.006468965170947228,0.07562957724606394,0.005732601977444056,0.18936631454250505,6.426192464456483e-05,4.729579935276004e-06,0.0,0.0,0.0,0.0,0.0,3.6465302306482264e-15,2.366847972278449e-13,1.4297623972026246e-13,0.0,0.0,0.0,0.0,0.0,0.0,0.0,0.0,0.0,0.0,0.0,0.0,0.0,0.0,1.6895036977472552e-08,7.51942997728104e-09,6.079692328090241e-11,3.31294662430484e-11,1.7054235271780272e-08,4.0127477691030175e-06,1.0249120465727564e-09,6.578906354394222e-08,1.4868326599517987e-09,0.0,6.6912404705241974e-15,0.0,0.0,0.0,0.0,2.98618485913944e-16,0.0,0.6578469143766406,7.280705627862992e-15,0.0,0.0,0.0,0.0
0.024628906250000002,4.557842253680176,5774.850037450535,-14683696.659258626,1475.7540815825776,0.20289136535338345,0.03843101826810307,0.02002282218331849,0.007100085668996757,0.06780736896244094,0.006737990255104645,0.20158821452568698,5.4770196863245316e-05,3.8803222175348365e-06,0.0,0.0,0.0,0.0,0.0,1.8067875233113706e-15,2.2602555671786081e-13,1.609976714142896e-13,0.0,0.0,0.0,0.0,0.0,0.0,0.0,0.0,0.0,0.0,0.0,0.0,0.0,0.0,1.8280530692327706e-08,8.502322797813435e-09,6.869488912722088e-11,3.5178306133186314e-11,1.9057023453879154e-08,4.877315680965149e-06,1.16763459586407e-09,7.723608341025284e-08,1.6934500611843612e-09,0.0,5.769306943229844e-15,0.0,0.0,0.0,0.0,2.2798466429735194e-16,0.0,0.6582488462602668,7.711966382989558e-15,0.0,0.0,0.0,0.0
0.024648437500000002,4.47672322994782,5960.526068227708,-14683696.659258626,1524.6078912794344,0.19634993982075966,0.033062463197239336,0.020279453965999242,0.007549571351862945,0.06151021544981609,0.007679708589899144,0.21126528806851813,4.729656831363614e-05,3.2369376351878598e-06,2.495295968961926e-16,1.4962177701131024e-16,2.8458796707201123e-16,4.6658592842573095e-17,1.7174875074392032e-15,2.3112357766441597e-15,2.3242658667369246e-13,1.8065965606757935e-13,5.779939101575165e-16,1.5838418079422975e-15,1.885719512929187e-16,6.600327311644165e-17,3.3056152094575244e-16,5.747660507420979e-17,1.3060181566658046e-15,2.0756582158394117e-16,7.84113550553185e-16,9.542259524077375e-17,3.2642809177184994e-16,1.9915773559207312e-16,8.970041477304354e-16,2.009818860580505e-16,1.888582525369699e-08,9.209654022636828e-09,7.560697741875499e-11,3.694335236791923e-11,2.0512622072177e-08,5.774537512205186e-06,1.3167802732179516e-09,8.740125968458349e-08,1.8864906448038673e-09,1.4874916680063078e-16,6.9710362702219354e-15,1.5058872524024954e-16,9.58407197501004e-17,5.372695396553218e-16,2.399865436207794e-16,1.614314724183357e-15,2.7093974876918437e-16,0.658596852007577,8.862416589209028e-15,1.1199135623189377e-16,2.251070619467747e-16,9.939689141469981e-17,5.348764670706796e-16
0.02466796875,4.365147173337559,6146.856622335532,-14683696.659258626,1568.0665657026996,0.19088232279671627,0.029145232481802865,0.020176312254777392,0.0078418127856638,0.056552809112531466,0.008536177729636394,0.2187888570031242,4.1429866263203415e-05,2.736816667556271e-06,0.0,0.0,0.0,0.0,0.0,0.0,1.9706637885784516e-13,1.9384493656981723e-13,0.0,0.0,0.0,0.0,0.0,0.0,0.0,0.0,0.0,0.0,0.0,0.0,0.0,0.0,1.8864191674010322e-08,9.664473586360869e-09,8.216306941262526e-11,3.879747203249774e-11,2.1475171704817965e-08,6.688842833595515e-06,1.4696115237794188e-09,9.611321926110759e-08,2.061553206154532e-09,0.0,2.6807259902185867e-15,0.0,0.0,0.0,0.0,0.0,0.0,0.658907793337117,7.474251310994861e-15,0.0,0.0,0.0,0.0
0.0246875,4.227224097563507,6333.08512148772,-14683696.659258626,1607.0604339117517,0.18623956125087268,0.026342939232438873,0.019824100133551154,0.008007181456210205,0.05269448160757873,0.009297559756567358,0.2245971332590653,3.6805476102994354e-05,2.3421225111535213e-06,9.702749494372423e-17,5.625020308306684e-17,9.980692286530481e-17,1.6781081295336263e-17,5.402602102844617e-16,5.155028995041968e-16,1.971932321045842e-13,2.1067555343223222e-13,1.8332329767070663e-16,4.772038028473393e-16,6.530351704148174e-17,2.1734206682076483e-17,9.420159989068119e-17,1.9489733737017422e-17,3.9714198198249484e-16,7.126078858282477e-17,2.3256173754182324e-16,3.4647675827569255e-17,9.237484736717514e-17,7.065897963603471e-17,2.7378915457724926e-16,6.298863138853221e-17,1.8410509066547753e-08,9.910638300545028e-09,8.882470721379313e-11,4.101448620061562e-11,2.2036057334958565e-08,7.60782048775333e-06,1.6235935234728342e-09,1.0339363064764081e-07,2.216687472063268e-09,5.3647061297022654e-17,3.560948970272211e-15,4.1399796497325845e-17,3.22246742123276e-17,1.616435712682619e-16,7.505397270038655e-17,4.616923087484202e-16,1.0616714278177376e-16,0.6591896914141067,8.316427446280084e-15,3.626636834794947e-17,6.368042276377251e-17,2.84097185423422e-17,1.6533566591419794e-16
0.0247265625,3.8837382295397873,6703.036912551037,-14683696.659258626,1674.1039212430721,0.17879381458953222,0.02316845307587829,0.018666853108443064,0.008046773907353777,0.04753117896347263,0.01052257915691557,0.23234603260724077,3.025173405772501e-05,1.7751985169563147e-06,0.0,0.0,0.0,0.0,0.0,0.0,1.656642064533837e-13,2.3654703578873057e-13,0.0,0.0,0.0,0.0,0.0,0.0,0.0,0.0,0.0,0.0,0.0,0.0,0.0,0.0,1.6762825558016637e-08,9.927412920749598e-09,1.0333566818580738e-10,4.700182782471791e-11,2.225343973027803e-08,9.432217288368481e-06,1.9300443588131336e-09,1.1407885955862464e-07,2.4673247975468313e-09,0.0,1.0945924769779725e-15,0.0,0.0,0.0,0.0,0.0,0.0,0.6596765024601772,7.867818702357549e-15,0.0,0.0,0.0,0.0
0.024765625,3.4684132137933235,7061.843708260079,-14683696.659258626,1730.8815562620782,0.17295068943009886,0.021636340086846007,0.01738605444201074,0.007890027387058334,0.044213173780114336,0.011448256298066678,0.23732446234010016,2.576125418910867e-05,1.3985203347921883e-06,3.4881141377008803e-17,2.0960355201147375e-17,4.09548311689524e-17,6.8570259348386095e-18,2.405938423497951e-16,1.7086934529241469e-16,1.6483064088975576e-13,2.6170075135943177e-13,7.347414411919396e-17,2.111248253523709e-16,2.1581640411972194e-17,5.457304302148934e-18,2.79758699501902e-17,5.0188135967672794e-18,2.2240694283850274e-16,2.823117015839536e-17,1.1367751415352351e-16,1.1729638392977937e-17,2.5419951173248045e-17,3.7142734293614267e-17,1.7556916693934964e-16,1.833802149746281e-17,1.5052658673764105e-08,9.634411178489857e-09,1.1903624222499178e-10,5.483777618400358e-11,2.1896457085880157e-08,1.1187758719979352e-05,2.217515124799501e-09,1.2123083515718964e-07,2.6491338462666348e-09,1.6720914733151327e-17,1.5739811573505473e-15,8.104123337640625e-18,7.796725781808533e-18,1.1079697485288146e-16,2.3591357712764375e-17,3.510780257272142e-16,4.823878760261837e-17,0.6600631652772361,8.52778695360336e-15,1.0202704488299428e-17,1.5676059667714152e-17,7.379482714152799e-18,7.746749282125795e-17
0.0248046875,2.9921303016275718,7399.53438265357,-14683696.659258626,1779.1171781675791,0.1682798109773519,0.020901050484599698,0.016213568075157586,0.007654262292320719,0.04194034053677515,0.0121446437799971,0.24074725422933888,2.252974415270005e-05,1.1447575785787877e-06,7.863716800887048e-17,4.9879939727881964e-17,9.059934369935206e-17,1.477848373659918e-17,4.286338099902649e-16,2.1897803202300435e-16,1.5439162361406617e-13,2.807968109393568e-13,1.3716454642859908e-16,3.7276797942293307e-16,5.283015947827203e-17,1.558925742663588e-17,6.312279303220097e-17,1.399481114383085e-17,3.588082693736877e-16,6.165000601196276e-17,1.9528607192155273e-16,3.3369584498440635e-17,5.958920819194619e-17,7.356124612829062e-17,2.802865377433704e-16,4.718964973562705e-17,1.3661501541340707e-08,9.23155407563805e-09,1.3486289651852978e-10,6.37996889231028e-11,2.1332481983280622e-08,1.2828585418051602e-05,2.476732640643975e-09,1.259288075160875e-07,2.7767308890475075e-09,3.823127045840908e-17,1.2992701548917043e-15,2.160771545974774e-17,2.242721260684022e-17,1.69140904964869e-16,5.678278981548591e-17,4.2865941621323524e-16,8.549582044643398e-17,0.6603622019077415,8.713370400759522e-15,2.922774704547411e-17,4.0473907230297757e-17,1.7349566322505428e-17,1.447900265362381e-16
0.02482421875,2.7336743446285596,7555.78953110505,-14683696.659258626,1800.1996989646987,0.16631504852407533,0.020677588256095714,0.015702429515781234,0.007532487969120349,0.04104331732432319,0.01242657444222568,0.24209819683466094,2.1245283659753114e-05,1.0507446443474494e-06,0.0,0.0,0.0,0.0,0.0,0.0,1.3764265810000948e-13,2.869980543070051e-13,0.0,0.0,0.0,0.0,0.0,0.0,0.0,0.0,0.0,0.0,0.0,0.0,0.0,0.0,1.312369854567046e-08,9.029740961807532e-09,1.423927482124573e-10,6.83516714034004e-11,2.1041676257492907e-08,1.3585432181014755e-05,2.593075099937034e-09,1.2765231987822073e-07,2.8244141507499077e-09,0.0,0.0,0.0,0.0,0.0,0.0,0.0,0.0,0.6604833477212059,8.039759927929024e-15,0.0,0.0,0.0,0.0
0.02484375,2.462881356278489,7701.352537034998,-14683696.659258626,1819.1798018730203,0.16458411421624533,0.020520165928065385,0.015246605576011119,0.0074142812340928345,0.04028110604469962,0.012667997974048101,0.24324678121268006,2.0151140112185262e-05,9.73940703472297e-07,1.2905848112519116e-16,8.504885377616899e-17,1.513415589795829e-16,2.4034599394609363e-17,6.334378257147323e-16,2.571221968824268e-16,1.441785267030062e-13,2.9490498330545515e-13,2.0592460053701937e-16,5.521440291314078e-16,8.79834998692811e-17,2.7197126474155892e-17,1.0135668020149561e-16,2.409559903883535e-17,5.035249197051814e-16,9.905567719740404e-17,2.812951618388056e-16,6.098407094540977e-17,9.478092734146852e-17,1.1935838875390738e-16,3.881905705562505e-16,8.106470393069447e-17,1.268826796110031e-08,8.837561722979182e-09,1.495034988085396e-10,7.282346321469162e-11,2.0762076255352702e-08,1.4289850577732095e-05,2.699567248683394e-09,1.2901719928232638e-07,2.863179912465563e-09,6.256228050887334e-17,1.0962250416681838e-15,3.567256308257325e-17,3.9088942212262224e-17,2.2754499324248425e-16,9.519510116409594e-17,4.541067957751454e-16,1.3047352163783068e-16,0.660587470008376,8.804495511096563e-15,5.1942856270079403e-17,6.657417091628678e-17,2.7632808711787363e-17,2.1816940882597235e-16
0.02486328125,2.1808208768375996,7834.36724771996,-14683696.659258626,1836.021690446292,0.16307697430801454,0.02040805236585839,0.014848407159805645,0.007304114626606381,0.039632741669836366,0.012873015938120121,0.24422264406584218,1.9224567774398996e-05,9.114989854311149e-07,7.312963178592721e-17,4.7816427406536415e-17,8.913669990297596e-17,1.4064530497301925e-17,4.0757433548557514e-16,1.8036541030242144e-16,1.395223779115785e-13,3.0017552037860884e-13,1.254654306699565e-16,3.5275504518528873e-16,4.904437052312681e-17,1.4007150927545555e-17,5.662525195269322e-17,1.2491124194582084e-17,3.4189558127491114e-16,5.84469195283147e-17,1.8278695363685978e-16,3.326437204207226e-17,5.241033129368084e-17,7.423048542285852e-17,2.689542769997496e-16,4.436260971800497e-17,1.2346400740617629e-08,8.661455693627828e-09,1.5606016347712163e-10,7.708426997943889e-11,2.0504081489356522e-08,1.4933328281240137e-05,2.795402436234866e-09,1.3009086585226553e-07,2.894386829255427e-09,3.367325429793607e-17,8.405701072510004e-16,1.7707190756475696e-17,1.968291393489521e-17,1.58867635296387e-16,5.2942930608570024e-17,3.5358185448727116e-16,7.855563103369377e-17,0.6606757772526999,8.737819899128685e-15,2.7862288408197046e-17,3.536719456948677e-17,1.4616146656455957e-17,1.389856499869178e-16
0.024882812500000004,1.8886351356511872,7952.97442268076,-14683696.659258626,1850.6671151427877,0.161787593997147,0.02032758721032333,0.014508498780153844,0.007205209010689917,0.03908555647645462,0.013044738989570983,0.24504401847367702,1.8450156293126646e-05,8.612622464925599e-07,0.0,0.0,0.0,0.0,0.0,0.0,1.2798637762255702e-13,3.0348656010876553e-13,0.0,0.0,0.0,0.0,0.0,0.0,0.0,0.0,0.0,0.0,0.0,0.0,0.0,0.0,1.2086881244760182e-08,8.50568428937416e-09,1.6194284439392623e-10,8.101193969949641e-11,2.0274703705400726e-08,1.5507121270379083e-05,2.8797536071064485e-09,1.3092677199127788e-07,2.9191558518113696e-09,0.0,0.0,0.0,0.0,0.0,0.0,0.0,0.0,0.6607493946829752,8.235645260042139e-15,0.0,0.0,0.0,0.0
0.024902343750000003,1.5875644597214587,8055.365650528053,-14683696.659258626,1863.0448351900839,0.1607127580650637,0.02026980061563278,0.014226662814690379,0.007119896789631011,0.038632503963765365,0.013185434322377022,0.24572157813223194,1.781706041306633e-05,8.215640631437983e-07,9.860393151000097e-17,6.690968214694733e-17,1.2137954025648996e-16,1.881732204120537e-17,4.976663097749944e-16,1.9171910874840475e-16,1.3108255868809158e-13,3.0766646020223293e-13,1.5687292096712938e-16,4.3397629493546573e-16,6.779895360477122e-17,2.0535976579363505e-17,7.67817073615148e-17,1.8053402453035175e-17,4.0103649278991905e-16,7.774487837233283e-17,2.2181855347233537e-16,4.974168916219037e-17,7.087700211367713e-17,9.78744250590866e-17,3.1034113116116344e-16,6.314071554705174e-17,1.1897146892024192e-08,8.373053866495187e-09,1.670431535520781e-10,8.449326212987112e-11,2.007864451743546e-08,1.6002550623372896e-05,2.9517921318303067e-09,1.3156688643696806e-07,2.9384273480355967e-09,4.675367787637213e-17,6.591558719408729e-16,2.5134565571856258e-17,2.886971815636537e-17,1.763947726670045e-16,7.389358990826285e-17,3.2134266966290876e-16,1.0084641493014899e-16,0.6608093041286321,8.705828392748704e-15,4.115700392140582e-17,4.93640574691846e-17,1.989613615098871e-17,1.7337459551050264e-16
0.024921875000000003,1.2789603057664147,8139.841218322609,-14683696.659258626,1873.0785331063437,0.15985121326249016,0.020228818039609367,0.014002289785213798,0.007049868645131629,0.03827021400174397,0.01329669030036156,0.24626110736677928,1.731762127513936e-05,7.911361387810186e-07,6.499681803868421e-17,4.4937340982932164e-17,7.781547423440246e-17,1.2184043103922511e-17,2.8543695955776193e-16,9.925362738448182e-17,1.2561393671942795e-13,3.0985695975323815e-13,9.52432459730707e-17,2.513293143353258e-16,4.637926349093189e-17,1.5179339809686184e-17,5.1988988874531935e-17,1.3166624412189873e-17,2.1949997610472737e-16,5.040332672534657e-17,1.290527259115328e-16,3.569340202028617e-17,4.885254163163152e-17,5.873330499494117e-17,1.6723758818131917e-16,4.377839719181011e-17,1.1764456864652505e-08,8.265381840173147e-09,1.7126174672931729e-10,8.742281047648089e-11,1.9919034140305785e-08,1.6411345219727004e-05,3.010707895869129e-09,1.320436503136994e-07,2.9529708698644072e-09,3.3070389551977614e-17,3.058238962391475e-16,1.866960915005553e-17,2.1352671025818988e-17,9.134820480208715e-17,5.013931245848871e-17,1.3752152332503805e-16,6.42045834812761e-17,0.6608563135431936,8.563277151421655e-15,3.0102330175505224e-17,3.54448888575527e-17,1.4103970938588058e-17,1.03454992123794e-16
0.024941406250000003,0.9642874820668021,8204.869234935746,-14683696.659258626,1880.6934380539294,0.15920304540595936,0.02020081461096119,0.013834684719307242,0.0069963410714014105,0.03799760278219752,0.01337955523226125,0.2466653326246955,1.6946545865612795e-05,7.690423173603009e-07,0.0,0.0,0.0,0.0,0.0,0.0,1.146348220899647e-13,3.10472004170391e-13,0.0,0.0,0.0,0.0,0.0,0.0,0.0,0.0,0.0,0.0,0.0,0.0,0.0,0.0,1.1676977551214425e-08,8.183821832652258e-09,1.7451313984351622e-10,8.97100796892603e-11,1.9797925815720596e-08,1.6726003324872965e-05,3.055743328178515e-09,1.323814539276423e-07,2.963389957238573e-09,0.0,0.0,0.0,0.0,0.0,0.0,0.0,0.0,0.6608910490436994,7.9152989959051e-15,0.0,0.0,0.0,0.0
0.024960937500000002,0.6451169565312218,8249.142990257938,-14683696.659258626,1885.8217691381612,0.15876923375479576,0.020183349031326313,0.013723252564831175,0.0069601683483496,0.037814899203183774,0.013434642012176002,0.2469351531605515,1.6700428876480793e-05,7.546314654993175e-07,2.5917184352613024e-16,1.7926811029229951e-16,3.2149977697888774e-16,4.965410026852751e-17,1.2530438097088141e-15,4.596588991655419e-16,1.274529380277139e-13,3.1348936135335283e-13,3.9595961939440583e-16,1.0929268598405197e-15,1.8045454770283569e-16,5.623022271756977e-17,2.0202599225709522e-16,4.9188272053220215e-17,1.0024043777833767e-15,2.0411469012185933e-16,5.609018188805593e-16,1.382944461680703e-16,1.866360850041059e-16,2.5553420351890903e-16,7.729504424688444e-16,1.698629174752226e-16,1.1624753242986253e-08,8.129086993877397e-09,1.7672826536656578e-10,9.128305509227543e-11,1.97166148263961e-08,1.6940145881309335e-05,3.0862350570228506e-09,1.3259768166548458e-07,2.970122452701824e-09,1.2414946911033606e-16,1.182714978223115e-15,6.723891961302971e-17,7.838715879928978e-17,4.3160344557328304e-16,1.9618025507788467e-16,6.966865887744023e-16,2.576632706846611e-16,0.6609139620803913,8.927913386864194e-15,1.1435254903835852e-16,1.3223703950616274e-16,5.267371261238432e-17,4.427967673221336e-16
0.024980468750000002,0.3231106794018638,8271.633392691141,-14683696.659258626,1888.4070180002968,0.15855134509941365,0.02017496109533844,0.013667603883990003,0.0069419166606492265,0.03772298647124689,0.013462204546787437,0.24707043056829023,1.6577494916662896e-05,7.475061352292079e-07,0.0,0.0,0.0,0.0,0.0,0.0,1.170715864188649e-13,3.127784509826278e-13,0.0,0.0,0.0,0.0,0.0,0.0,0.0,0.0,0.0,0.0,0.0,0.0,0.0,0.0,1.1600544306612774e-08,8.10159704479228e-09,1.7785136636657603e-10,9.208438873114703e-11,1.9675830436678776e-08,1.7048835233550634e-05,3.1016560553542336e-09,1.3270335231397714e-07,2.9734367634810697e-09,0.0,0.0,0.0,0.0,0.0,0.0,0.0,0.0,0.6609253445106216,8.203494871879495e-15,0.0,0.0,0.0,0.0
0.025,-4.3829510234699444e-23,8271.633392691141,-14683696.659258626,1888.4070180002968,0.1585513450994135,0.020174961095339353,0.013667603883990824,0.006941916660649682,0.037722986471246764,0.013462204546787844,0.24707043056829178,1.657749491707874e-05,7.47506135644988e-07,3.075332457530764e-16,3.407286708071356e-16,2.8094560067640396e-16,3.94948428015783e-16,0.0,2.1917805795849505e-16,1.1748735403687936e-13,3.131942188707473e-13,2.510096236097405e-16,0.0,3.405362727794521e-16,3.9232376368504085e-16,3.316746119931812e-16,3.952237484511917e-16,0.0,3.304914671411086e-16,1.8126160999357585e-16,3.57967534226396e-16,3.3818200521736563e-16,3.0810497288521676e-16,8.794708384320795e-17,3.4495429508133583e-16,1.1600544722383257e-08,8.101597460561115e-09,1.7785178213600428e-10,9.2084804508237e-11,1.9675830852446185e-08,1.704883523396666e-05,3.101656471120164e-09,1.3270335272974173e-07,2.973437179248272e-09,3.638817484221167e-16,0.0,3.878179738564782e-16,3.8311626577479126e-16,2.2726527566393744e-16,3.3395476751723805e-16,8.611723001149962e-17,3.0669883883456584e-16,0.6609253445106031,8.619260622126846e-15,3.6799415475423116e-16,3.607605401651932e-16,3.9383702324199976e-16,2.307188543597917e-16
